CookieVideoView.canSeekForward()	false	false	true	0	0	0	0	null	null
com.loopj.android.http.AsyncHttpResponseHandler.onFailure(Throwable)	false	false	true	0	0	0	4	null	null
com.loopj.android.http.SerializableCookie.getCookie()	false	false	false	0	0	1	1	null	null
com.loopj.android.http.AsyncHttpClient.put(Context,String,AsyncHttpResponseHandler)	false	false	true	0	0	0	0	null	null
CookieVideoView.setOnPreparedListener(OnPreparedListener)	false	false	true	0	0	0	0	null	null
com.loopj.android.http.Base64.encode(byte[],int,int,int)	false	false	false	0	0	2	2	null	null
com.loopj.android.http.BaseJsonHttpResponseHandler.onSuccess(int,Header[],byte[])	false	false	true	0	0	0	0	null	null
com.loopj.android.http.BinaryHttpResponseHandler.handleFailureMessage(int,Header[],Throwable,byte[])	false	false	true	0	0	0	1	null	null
com.loopj.android.http.PersistentCookieStore.clearExpired(Date)	false	false	false	0	0	1	1	null	null
CookieVideoView.getCookieHeader()	false	false	true	0	0	0	1	null	null
com.loopj.android.http.AsyncHttpResponseHandler.sendFailureMessage(int,Header[],byte[],Throwable)	false	false	false	0	0	4	7	null	null
com.loopj.android.http.AsyncHttpClient.newAsyncHttpRequest(DefaultHttpClient,HttpContext,HttpUriRequest,String,ResponseHandlerInterface,Context)	true	true	false	1	2	2	2	[7dc67599692ac5789958adee0645757c5e008da2]	protected
com.loopj.android.http.JsonHttpResponseHandler.onSuccess(int,Object)	false	false	true	0	0	0	2	null	null
com.loopj.android.http.sample.DeleteSample.isRequestHeadersAllowed()	false	false	false	0	0	0	0	null	null
com.loopj.android.http.AsyncHttpResponseHandler.sendSuccessMessage(int,Header[],String)	false	false	true	0	0	0	1	null	null
com.loopj.android.http.AsyncHttpResponseHandler.onSuccess(String)	false	false	true	0	0	0	1	null	null
com.loopj.android.http.AsyncHttpClient.setBasicAuth(String,String)	true	false	false	1	0	0	0	[166963e07507730734b568c950e04f87ed669d8f]	public
com.loopj.android.http.RequestHandle.cancel(boolean)	false	false	false	0	0	4	4	null	null
com.loopj.android.http.sample.BinarySample.isRequestBodyAllowed()	false	false	false	0	0	0	0	null	null
com.loopj.android.http.sample.BinarySample.getSampleTitle()	false	false	false	0	0	0	0	null	null
com.loopj.android.http.AsyncHttpClient.sendRequest(DefaultHttpClient,HttpContext,HttpUriRequest,String,AsyncHttpResponseHandler,Context)	false	false	true	0	0	0	12	null	null
com.loopj.android.http.AsyncHttpClient.setBasicAuth(String,String,boolean)	false	false	false	0	0	1	1	null	null
com.loopj.android.http.AsyncHttpClient.put(Context,String,RequestParams,AsyncHttpResponseHandler)	false	false	true	0	0	0	2	null	null
com.loopj.android.http.MyRedirectHandler.getLocationURI(HttpResponse,HttpContext)	false	false	false	0	0	0	0	null	null
com.loopj.android.http.sample.JsonSample.isRequestBodyAllowed()	false	false	false	0	0	0	0	null	null
com.loopj.android.http.AsyncHttpResponseHandler.getRequestURI()	false	false	false	0	0	0	0	null	null
com.loopj.android.http.RequestParams.toString()	false	false	false	0	0	0	0	null	null
com.loopj.android.http.sample.CustomCASample.getResponseHandler()	false	false	false	0	0	0	0	null	null
com.loopj.android.http.RequestParams.getParamsList(String,Object)	false	false	false	0	0	7	7	null	null
com.loopj.android.http.sample.FileSample.isRequestHeadersAllowed()	false	false	false	0	0	0	0	null	null
com.loopj.android.http.AsyncHttpClient.setResponseTimeout(int)	false	false	false	0	0	1	1	null	null
com.loopj.android.http.sample.CustomCASample.getDefaultURL()	false	false	false	0	0	0	0	null	null
com.loopj.android.http.AsyncHttpClient.post(String,ResponseHandlerInterface)	false	false	false	0	0	0	0	null	null
com.loopj.android.http.AsyncHttpResponseHandler.onRetry()	false	false	true	0	0	0	1	null	null
com.loopj.android.http.AsyncHttpResponseHandler.sendProgressMessage(int,int)	false	false	false	0	0	4	4	null	null
com.loopj.android.http.AsyncHttpResponseHandler.setForceSynchronous(Boolean)	false	false	true	0	0	0	1	null	null
com.loopj.android.http.JsonHttpResponseHandler.onFailure(Throwable,JSONObject)	false	false	true	0	0	0	11	null	null
com.loopj.android.http.sample.RetryRequestSample.getDefaultURL()	false	false	false	0	0	0	0	null	null
com.loopj.android.http.Base64.Decoder.maxOutputSize(int)	false	false	false	0	0	0	0	null	null
com.loopj.android.http.sample.FileSample.executeSample(AsyncHttpClient,String,Header[],HttpEntity,ResponseHandlerInterface)	false	false	false	0	0	0	0	null	null
com.loopj.android.http.sample.util.SampleJSON.getAcceptLanguage()	false	false	false	0	0	0	0	null	null
com.loopj.android.http.BinaryHttpResponseHandler.onSuccess(byte[])	false	false	true	0	0	0	1	null	null
com.loopj.android.http.RequestParams.setHttpEntityIsRepeatable(boolean)	false	false	false	0	0	1	1	null	null
com.loopj.android.http.RequestHandle.isFinished()	false	false	false	0	0	2	2	null	null
com.loopj.android.http.AsyncHttpClient.post(String,RequestParams,AsyncHttpResponseHandler)	true	false	true	1	0	0	3	[5872e972e832086629b680a11eb7c2b1e01fffd0]	public
com.loopj.android.http.sample.SampleParentActivity.getRequestHandles()	false	false	false	0	0	2	2	null	null
com.loopj.android.http.BaseJsonHttpResponseHandler.onFailure(int,Throwable,String)	false	false	true	0	0	0	0	null	null
com.loopj.android.http.AsyncHttpRequest.makeRequest()	false	false	false	0	0	1	1	null	null
com.loopj.android.http.sample.Http401AuthSample.executeSample(AsyncHttpClient,String,Header[],HttpEntity,ResponseHandlerInterface)	false	false	false	0	0	0	0	null	null
com.loopj.android.http.AsyncHttpResponseHandler.handleFailureMessage(Throwable,String)	false	false	true	0	0	0	2	null	null
com.loopj.android.http.AsyncHttpResponseHandler.sendFinishMessage()	false	false	false	0	0	0	2	null	null
com.loopj.android.http.RequestParams.FileWrapper.getFileName()	true	true	true	1	2	0	2	[eaf68005007da25722d3f29f3bcdbadd4a9b8871]	public
com.loopj.android.http.AsyncHttpClient.head(Context,String,AsyncHttpResponseHandler)	false	false	true	0	0	0	0	null	null
com.loopj.android.http.SimpleMultipartEntity.FilePart.getTotalLength()	false	false	false	0	0	1	1	null	null
com.loopj.android.http.Base64OutputStream.internalWrite(byte[],int,int,boolean)	false	false	false	0	0	4	4	null	null
com.loopj.android.http.AsyncHttpResponseHandler.onRetry(int)	false	false	false	0	0	1	1	null	null
com.loopj.android.http.AsyncHttpClient.setSSLSocketFactory(SSLSocketFactory)	false	false	false	0	0	1	1	null	null
com.loopj.android.http.SimpleMultipartEntity.writeFirstBoundaryIfNeeds()	true	false	true	1	0	0	2	[078321ab5c16807ffadbd00072333f76ff8a1d56]	public
com.loopj.android.http.SimpleMultipartEntity.createContentDisposition(String,String)	false	false	false	0	0	2	2	null	null
com.loopj.android.http.sample.PostSample.executeSample(AsyncHttpClient,String,Header[],HttpEntity,AsyncHttpResponseHandler)	false	false	true	0	0	0	0	null	null
com.loopj.android.http.AsyncHttpResponseHandler.getForceSynchronous()	false	false	true	0	0	0	0	null	null
com.loopj.android.http.AsyncHttpClient.post(Context,String,Header[],HttpEntity,String,AsyncHttpResponseHandler)	false	false	true	0	0	0	0	null	null
com.loopj.android.http.sample.PostSample.getDefaultURL()	false	false	false	0	0	0	0	null	null
com.loopj.android.http.AsyncHttpClient.getUrlWithQueryString(boolean,String,RequestParams)	false	false	false	0	0	5	6	null	null
com.loopj.android.http.AsyncHttpClient.setEnableRedirects(boolean,boolean,boolean)	false	false	false	0	0	3	3	null	null
com.loopj.android.http.sample.DeleteSample.getResponseHandler()	false	false	false	0	0	0	0	null	null
com.loopj.android.http.sample.MainActivity.onCreate(Bundle)	false	false	true	0	0	0	0	null	null
com.loopj.android.http.sample.PersistentCookiesSample.getSampleTitle()	false	false	false	0	0	0	0	null	null
com.loopj.android.http.sample.util.SampleJSON.getReferer()	false	false	false	0	0	0	0	null	null
com.loopj.android.http.BaseJsonHttpResponseHandler.onFailure(int,Header[],String,Throwable)	false	false	false	0	0	0	0	null	null
com.loopj.android.http.sample.RetryRequestSample.onResume()	false	false	false	0	0	0	0	null	null
CookieVideoView.canSeekBackward()	false	false	true	0	0	0	0	null	null
com.loopj.android.http.AsyncHttpClient.setMaxRetriesAndTimeout(int,int)	false	false	false	0	0	0	0	null	null
com.loopj.android.http.TextHttpResponseHandler.handleFailureMessage(int,Header[],byte[],Throwable)	false	false	true	0	0	0	0	null	null
com.loopj.android.http.sample.PostSample.getSampleTitle()	false	false	false	0	0	0	0	null	null
com.loopj.android.http.AsyncHttpClient.setURLEncodingEnabled(boolean)	false	false	false	0	0	0	0	null	null
com.loopj.android.http.sample.PrePostProcessingSample.PrePostProcessRequest.onPostProcessRequest(AsyncHttpRequest)	false	false	false	0	0	0	0	null	null
CookieVideoView.onKeyDown(int,KeyEvent)	false	false	true	0	0	0	0	null	null
com.loopj.android.http.sample.SampleParentActivity.isCancelButtonAllowed()	false	false	false	0	0	1	1	null	null
com.loopj.android.http.AsyncHttpResponseHandler.onFinish()	false	false	false	0	0	1	1	null	null
com.loopj.android.http.AsyncHttpRequest.isCancelled()	false	false	false	0	0	14	14	null	null
CookieVideoView.openVideo()	false	false	true	0	0	0	3	null	null
com.loopj.android.http.AsyncHttpResponseHandler.onSuccess(int,Header[],String)	true	false	true	1	1	0	3	[78eee0d369f76ca9480c258292c1a959a4da648c, a65c7d64a8ea21a5bb7e5ce97c0e4a6847452b3b]	public
com.loopj.android.http.sample.Redirect302Sample.getDefaultURL()	false	false	false	0	0	0	0	null	null
com.loopj.android.http.sample.SaxSample.isRequestBodyAllowed()	false	false	false	0	0	0	0	null	null
com.loopj.android.http.FileAsyncHttpResponseHandler.sendSuccessMessage(int,File)	false	false	true	0	0	0	1	null	null
com.loopj.android.http.AsyncHttpResponseHandler.onCancel()	false	false	false	0	0	1	1	null	null
CookieVideoView.attachMediaController()	false	false	true	0	0	0	2	null	null
com.loopj.android.http.AsyncHttpClient.get(String,AsyncHttpResponseHandler)	false	false	true	0	0	0	3	null	null
com.loopj.android.http.sample.DigestAuthSample.setCredentials(AsyncHttpClient,String)	false	false	false	0	0	1	1	null	null
com.loopj.android.http.sample.ContentTypeForHttpEntitySample.getSampleTitle()	false	false	false	0	0	0	0	null	null
com.loopj.android.http.PersistentCookieStore.clear()	false	false	false	0	0	0	0	null	null
com.loopj.android.http.JsonHttpResponseHandler.onFailure(int,Throwable,JSONObject)	false	false	true	0	0	0	2	null	null
com.loopj.android.http.BaseJsonHttpResponseHandler.onFailure(Throwable)	false	false	true	0	0	0	0	null	null
com.loopj.android.http.sample.SampleParentActivity.addView(View)	false	false	false	0	0	15	15	null	null
com.loopj.android.http.AsyncHttpResponseHandler.sendErrorMessage(Throwable)	false	false	true	0	0	0	3	null	null
com.loopj.android.http.SyncHttpClient.get(String)	false	false	true	0	0	0	0	null	null
com.loopj.android.http.sample.DigestAuthSample.getDefaultURL()	false	false	false	0	0	0	0	null	null
com.loopj.android.http.SyncHttpClient.delete(String)	false	false	true	0	0	0	0	null	null
com.loopj.android.http.FileAsyncHttpResponseHandler.getFile()	false	false	true	0	0	0	0	null	null
ExampleUsage.makeRequest()	false	false	true	0	0	0	0	null	null
com.loopj.android.http.sample.IntentServiceSample.getSampleTitle()	false	false	false	0	0	0	0	null	null
com.loopj.android.http.RequestParams.createFormEntity()	false	false	false	0	0	1	1	null	null
com.loopj.android.http.sample.ResumeDownloadSample.isRequestHeadersAllowed()	false	false	false	0	0	0	0	null	null
com.loopj.android.http.sample.JsonSample.executeSample(AsyncHttpClient,String,Header[],HttpEntity,ResponseHandlerInterface)	false	false	false	0	0	0	0	null	null
com.loopj.android.http.sample.DigestAuthSample.getSampleTitle()	false	false	false	0	0	0	0	null	null
com.loopj.android.http.BaseJsonHttpResponseHandler.onFailure(String,Throwable)	false	false	true	0	0	0	0	null	null
com.loopj.android.http.RequestParams.put(String,ByteArrayInputStream)	false	false	true	0	0	0	0	null	null
com.loopj.android.http.PersistentCookieStore.decodeCookie(String)	false	false	false	0	0	1	1	null	null
com.loopj.android.http.AsyncHttpResponseHandler.onFailure(int,Throwable,String)	false	false	true	0	0	0	2	null	null
com.loopj.android.http.JsonHttpResponseHandler.handleSuccessMessage(String)	false	false	true	0	0	0	0	null	null
com.loopj.android.http.SimpleMultipartEntity.addPartWithCharset(String,String,String)	false	false	false	0	0	3	3	null	null
com.loopj.android.http.TextHttpResponseHandler.onFailure(int,Header[],byte[],Throwable)	false	false	false	0	0	0	0	null	null
com.loopj.android.http.Base64.decode(String,int)	false	false	false	0	0	0	0	null	null
com.loopj.android.http.AsyncHttpClient.setTimeout(int)	true	false	false	2	0	0	0	[aa6a2d6d7ffa93507b5a55833196b33ed547bc09]	public
com.loopj.android.http.sample.WaypointsActivity.onListItemClick(ListView,View,int,long)	false	false	false	0	0	0	0	null	null
com.loopj.android.http.sample.SampleParentActivity.onOptionsItemSelected(MenuItem)	false	false	false	0	0	0	0	null	null
com.loopj.android.http.sample.DigestAuthSample.isCancelButtonAllowed()	false	false	false	0	0	0	0	null	null
com.loopj.android.http.sample.CustomCASample.isRequestBodyAllowed()	false	false	false	0	0	0	0	null	null
com.loopj.android.http.JsonHttpResponseHandler.onSuccess(int,JSONObject)	false	false	true	0	0	0	2	null	null
com.loopj.android.http.sample.RetryRequestSample.getSampleTitle()	false	false	false	0	0	0	0	null	null
com.loopj.android.http.MySSLSocketFactory.createSocket(Socket,String,int,boolean)	false	false	false	0	0	0	0	null	null
com.loopj.android.http.BinaryHttpResponseHandler.sendResponseMessage(HttpResponse)	false	false	false	0	0	0	0	null	null
com.loopj.android.http.RequestParams.getEntity()	false	false	true	0	0	0	1	null	null
com.loopj.android.http.sample.FilesSample.isRequestBodyAllowed()	false	false	false	0	0	0	0	null	null
com.loopj.android.http.sample.CustomCASample.getSampleTitle()	false	false	false	0	0	0	0	null	null
com.loopj.android.http.sample.Http401AuthSample.getSampleTitle()	false	false	false	0	0	0	0	null	null
com.loopj.android.http.AsyncHttpResponseHandler.setUseSynchronousMode(boolean)	false	false	false	0	0	1	1	null	null
com.loopj.android.http.AsyncHttpResponseHandler.sendCancelMessage()	false	false	false	0	0	0	0	null	null
com.loopj.android.http.AsyncHttpClient.post(Context,String,Header[],RequestParams,String,AsyncHttpResponseHandler)	false	false	true	0	0	0	1	null	null
com.loopj.android.http.BinaryHttpResponseHandler.getAllowedContentTypes()	false	false	false	0	0	1	1	null	null
com.loopj.android.http.RequestParams.init()	false	false	true	0	0	0	4	null	null
com.loopj.android.http.JsonHttpResponseHandler.onSuccess(int,Header[],JSONArray)	true	false	false	2	0	0	0	[78eee0d369f76ca9480c258292c1a959a4da648c]	public
com.loopj.android.http.MySSLSocketFactory.getKeystoreOfCA(InputStream)	false	false	false	0	0	0	0	null	null
com.loopj.android.http.AsyncHttpClient.post(String,AsyncHttpResponseHandler)	false	false	true	0	0	0	0	null	null
com.loopj.android.http.sample.FilesSample.getSampleTitle()	false	false	false	0	0	0	0	null	null
com.loopj.android.http.FileAsyncHttpResponseHandler.onSuccess(int,Header[],File)	false	false	true	0	0	0	1	null	null
com.loopj.android.http.AsyncHttpClient.paramsToEntity(RequestParams,ResponseHandlerInterface)	false	false	false	0	0	3	3	null	null
com.loopj.android.http.JsonStreamerEntity.addPart(String,Object)	false	false	false	0	0	4	4	null	null
com.loopj.android.http.sample.PrePostProcessingSample.getSampleTitle()	false	false	false	0	0	0	0	null	null
com.loopj.android.http.SimpleMultipartEntity.updateProgress(int)	false	false	false	0	0	5	5	null	null
com.loopj.android.http.RequestParams.StreamWrapper.newInstance(InputStream,String,String,boolean)	false	false	false	0	0	2	2	null	null
com.loopj.android.http.sample.WaypointsActivity.getTitlesList()	false	false	false	0	0	1	1	null	null
com.loopj.android.http.RequestParams.setContentEncoding(String)	false	false	false	0	0	0	0	null	null
com.loopj.android.http.RequestParams.put(String,int)	false	false	false	0	0	0	0	null	null
com.loopj.android.http.sample.RangeResponseSample.onCreate(Bundle)	false	false	false	0	0	0	0	null	null
com.loopj.android.http.Base64OutputStream.embiggen(byte[],int)	false	false	false	0	0	1	1	null	null
com.loopj.android.http.AsyncHttpRequest.run()	false	false	false	0	0	0	1	null	null
com.loopj.android.http.sample.SaxSample.SAXTreeStructure.endElement(String,String,String)	false	false	false	0	0	0	0	null	null
com.loopj.android.http.sample.Http401AuthSample.getRequestHeaders()	false	false	false	0	0	0	0	null	null
com.loopj.android.http.sample.FileSample.getSampleTitle()	false	false	false	0	0	0	0	null	null
com.loopj.android.http.sample.GetSample.executeSample(AsyncHttpClient,String,Header[],HttpEntity,ResponseHandlerInterface)	false	false	false	0	0	0	0	null	null
com.loopj.android.http.AsyncHttpClient.setAuthenticationPreemptive(boolean)	false	false	false	0	0	1	1	null	null
com.loopj.android.http.sample.SampleApplication.onCreate()	false	false	false	0	0	0	0	null	null
com.loopj.android.http.AsyncHttpClient.get(String,RequestParams,ResponseHandlerInterface)	false	false	false	0	0	1	1	null	null
com.loopj.android.http.sample.ThreadingTimeoutSample.getCounter()	false	false	false	0	0	1	1	null	null
com.loopj.android.http.PersistentCookieStore.setOmitNonPersistentCookies(boolean)	false	false	false	0	0	0	0	null	null
com.loopj.android.http.sample.FilesSample.executeSample(AsyncHttpClient,String,Header[],HttpEntity,ResponseHandlerInterface)	false	false	false	0	0	0	0	null	null
com.loopj.android.http.SimpleMultipartEntity.addPart(String,File,String)	false	false	false	0	0	1	2	null	null
com.loopj.android.http.AsyncHttpClient.put(String,RequestParams,AsyncHttpResponseHandler)	false	false	true	0	0	0	2	null	null
com.loopj.android.http.AsyncHttpClient.post(Context,String,HttpEntity,String,AsyncHttpResponseHandler)	true	false	true	2	1	0	2	[7cfe8d72cbbea8532c70c10a1a6bd636ab7ae00b]	public
com.loopj.android.http.RequestParams.add(String,String)	false	false	false	0	0	0	0	null	null
com.loopj.android.http.sample.MainActivity.printStatusCode(int)	false	false	true	0	0	0	4	null	null
com.loopj.android.http.sample.DeleteSample.isRequestBodyAllowed()	false	false	false	0	0	0	0	null	null
com.loopj.android.http.sample.SampleParentActivity.getRequestHeaders()	true	false	false	1	1	1	1	[a947934ce9228579d34af082fa1bce577d728c25]	public
com.loopj.android.http.sample.SampleParentActivity.setAsyncHttpClient(AsyncHttpClient)	false	false	false	0	0	1	1	null	null
com.loopj.android.http.AsyncHttpClient.put(Context,String,Header[],HttpEntity,String,ResponseHandlerInterface)	false	false	false	0	0	1	1	null	null
com.loopj.android.http.sample.IntentServiceSample.getResponseHandler()	false	false	false	0	0	0	0	null	null
com.loopj.android.http.SyncHttpClient.sendRequest(DefaultHttpClient,HttpContext,HttpUriRequest,String,ResponseHandlerInterface,Context)	false	false	false	0	0	0	0	null	null
com.loopj.android.http.RequestParams.put(String,InputStream,String,String,boolean)	false	false	false	0	0	1	1	null	null
CookieVideoView.isPlaying()	false	false	true	0	0	0	1	null	null
com.loopj.android.http.sample.MainActivity.onCreateOptionsMenu(Menu)	false	false	true	0	0	0	0	null	null
com.loopj.android.http.SimpleMultipartEntity.addPart(String,File,String,String)	false	false	false	0	0	1	1	null	null
com.loopj.android.http.sample.util.SampleJSON.setAcceptLanguage(String)	false	false	false	0	0	0	0	null	null
com.loopj.android.http.AsyncHttpClient.put(Context,String,RequestParams,ResponseHandlerInterface)	false	false	false	0	0	2	2	null	null
com.loopj.android.http.FileAsyncHttpResponseHandler.handleSuccessMessage(int,File)	false	false	true	0	0	0	1	null	null
com.loopj.android.http.AsyncHttpResponseHandler.handleSuccessMessage(int,Header[],String)	false	false	true	0	0	0	1	null	null
com.loopj.android.http.sample.SynchronousClientSample.isRequestHeadersAllowed()	false	false	false	0	0	0	0	null	null
com.loopj.android.http.FileAsyncHttpResponseHandler.sendResponseMessage(HttpResponse)	false	false	true	0	0	0	0	null	null
com.loopj.android.http.AsyncHttpRequest.sendCancelNotification()	false	false	false	0	0	1	1	null	null
com.loopj.android.http.sample.PrePostProcessingSample.isRequestHeadersAllowed()	false	false	false	0	0	0	0	null	null
com.loopj.android.http.BinaryHttpResponseHandler.onFailure(int,Header[],Throwable,byte[])	false	false	true	0	0	0	1	null	null
com.loopj.android.http.JsonHttpResponseHandler.onSuccess(JSONObject)	false	false	true	0	0	0	2	null	null
com.loopj.android.http.AsyncHttpClient.sendRequest(DefaultHttpClient,HttpContext,HttpUriRequest,AsyncHttpResponseHandler,Context)	false	false	true	0	0	0	2	null	null
com.loopj.android.http.sample.IntentServiceSample.executeSample(AsyncHttpClient,String,Header[],HttpEntity,ResponseHandlerInterface)	false	false	false	0	0	0	0	null	null
com.loopj.android.http.sample.PrePostProcessingSample.getHttpRequest(DefaultHttpClient,HttpContext,HttpUriRequest,String,ResponseHandlerInterface,Context)	false	false	false	0	0	0	0	null	null
com.loopj.android.http.FileAsyncHttpResponseHandler.onSuccess(int,Header[],byte[])	true	false	false	1	0	0	0	[020508c4ccb36c4a4bacf4832673ba590bf16e0d]	public
com.loopj.android.http.AsyncHttpResponseHandler.sendFailureMessage(Throwable)	false	false	true	0	0	0	3	null	null
com.loopj.android.http.AsyncHttpResponseHandler.getCharset()	false	false	false	0	0	3	4	null	null
com.loopj.android.http.sample.CancelAllRequestsSample.getSampleTitle()	false	false	false	0	0	0	0	null	null
com.loopj.android.http.JsonHttpResponseHandler.onFailure(int,Throwable,JSONArray)	false	false	true	0	0	0	0	null	null
CookieVideoView.setOnCompletionListener(OnCompletionListener)	false	false	true	0	0	0	0	null	null
com.loopj.android.http.RequestParams.put(String,ArrayList)	false	false	true	0	0	0	0	null	null
com.loopj.android.http.TextHttpResponseHandler.onSuccess(int,Header[],String)	false	false	true	0	0	0	1	null	null
CookieVideoView.onInitializeAccessibilityNodeInfo(AccessibilityNodeInfo)	false	false	true	0	0	0	0	null	null
com.loopj.android.http.AsyncHttpClient.paramsToEntity(RequestParams)	false	false	true	0	0	0	3	null	null
com.loopj.android.http.sample.SampleParentActivity.getRequestHeadersList()	false	false	false	0	0	2	2	null	null
com.loopj.android.http.AsyncHttpClient.setRedirectHandler(RedirectHandler)	false	false	false	0	0	0	0	null	null
com.loopj.android.http.AsyncHttpResponseHandler.getRequestHeaders()	false	false	false	0	0	0	0	null	null
com.loopj.android.http.SerializableCookie.readObject(ObjectInputStream)	false	false	false	0	0	0	0	null	null
com.loopj.android.http.JsonStreamerEntity.getContentLength()	false	false	false	0	0	0	0	null	null
com.loopj.android.http.RequestParams.put(String,File,String)	true	false	false	1	5	2	6	[eb5e647753f64cc4e09d1279095101381372b30a]	public
com.loopj.android.http.AsyncHttpClient.setThreadPool(Executor)	false	false	true	0	0	0	0	null	null
com.loopj.android.http.FileAsyncHttpResponseHandler.onSuccess(int,File)	false	false	true	0	0	0	1	null	null
com.loopj.android.http.Base64OutputStream.flushBuffer()	false	false	false	0	0	2	2	null	null
com.loopj.android.http.AsyncHttpClient.head(String,AsyncHttpResponseHandler)	false	false	true	0	0	0	0	null	null
com.loopj.android.http.RequestParams.put(String,Object)	false	false	false	0	0	1	1	null	null
com.loopj.android.http.DataAsyncHttpResponseHandler.copyOfRange(byte[],int,int)	false	false	false	0	0	1	1	null	null
com.loopj.android.http.sample.RangeResponseSample.sendNextRangeRequest()	false	false	false	0	0	2	2	null	null
com.loopj.android.http.SyncHttpClient.get(String,RequestParams)	false	false	true	0	0	0	0	null	null
com.loopj.android.http.JsonHttpResponseHandler.parseResponse(byte[])	false	false	false	0	0	4	4	null	null
com.loopj.android.http.AsyncHttpResponseHandler.sendSuccessMessage(int,Header[],byte[])	false	false	false	0	0	3	3	null	null
com.loopj.android.http.JsonStreamerEntity.writeTo(OutputStream)	true	false	false	1	0	0	0	[553b6a3b36c887d847261af4bf0f8415815537b3]	public
com.loopj.android.http.SimpleMultipartEntity.addPart(String,String,String)	false	false	false	0	0	1	1	null	null
com.loopj.android.http.sample.MainActivity.printThrowable(Throwable)	false	false	true	0	0	0	4	null	null
com.loopj.android.http.RequestParams.createJsonStreamerEntity(ResponseHandlerInterface)	false	false	false	0	0	1	1	null	null
com.loopj.android.http.RetryHandler.isInList(HashSet,Throwable)	false	false	false	0	0	2	2	null	null
com.loopj.android.http.FileAsyncHttpResponseHandler.handleFailureMessage(int,Header[],Throwable,File)	false	false	true	0	0	0	1	null	null
com.loopj.android.http.AsyncHttpClient.delete(Context,String,Header[],ResponseHandlerInterface)	false	false	false	0	0	0	0	null	null
com.loopj.android.http.FileAsyncHttpResponseHandler.deleteTargetFile()	false	false	false	0	0	2	2	null	null
com.loopj.android.http.BaseJsonHttpResponseHandler.onSuccess(String)	false	false	true	0	0	0	0	null	null
com.loopj.android.http.BinaryHttpResponseHandler.handleFailureMessage(Throwable,byte[])	false	false	true	0	0	0	1	null	null
com.loopj.android.http.AsyncHttpResponseHandler.getUseSynchronousMode()	false	false	false	0	0	6	6	null	null
com.loopj.android.http.DataAsyncHttpResponseHandler.sendProgressDataMessage(byte[])	false	false	false	0	0	1	1	null	null
com.loopj.android.http.sample.SynchronousClientSample.getResponseHandler()	false	false	false	0	0	0	0	null	null
com.loopj.android.http.AssertUtils.asserts(boolean,String)	false	false	false	0	0	5	5	null	null
com.loopj.android.http.JsonStreamerEntity.consumeContent()	false	false	false	0	0	0	0	null	null
com.loopj.android.http.AsyncHttpRequest.cancel(boolean)	false	false	false	0	0	3	3	null	null
com.loopj.android.http.BinaryHttpResponseHandler.onFailure(int,Header[],byte[],Throwable)	false	false	true	0	0	0	0	null	null
com.loopj.android.http.RequestParams.getParamsList()	true	false	false	1	2	2	2	[506644a6abfd9b4f94d250e043d4fbb700f2eec3]	protected
com.loopj.android.http.sample.PutSample.executeSample(AsyncHttpClient,String,Header[],HttpEntity,AsyncHttpResponseHandler)	false	false	true	0	0	0	0	null	null
com.loopj.android.http.AsyncHttpClient.get(Context,String,ResponseHandlerInterface)	false	false	false	0	0	0	0	null	null
com.loopj.android.http.sample.BinarySample.executeSample(AsyncHttpClient,String,Header[],HttpEntity,AsyncHttpResponseHandler)	false	false	true	0	0	0	0	null	null
com.loopj.android.http.Base64.Decoder.process(byte[],int,int,boolean)	false	false	false	0	0	1	1	null	null
com.loopj.android.http.SimpleMultipartEntity.setIsRepeatable(boolean)	false	false	false	0	0	1	1	null	null
com.loopj.android.http.PersistentCookieStore.encodeCookie(SerializableCookie)	false	false	false	0	0	1	1	null	null
com.loopj.android.http.JsonHttpResponseHandler.handleResponseMessage(String)	false	false	true	0	0	0	0	null	null
com.loopj.android.http.AsyncHttpClient.delete(Context,String,AsyncHttpResponseHandler)	false	false	true	0	0	0	1	null	null
com.loopj.android.http.RequestParams.setAutoCloseInputStreams(boolean)	false	false	false	0	0	0	0	null	null
com.loopj.android.http.AsyncHttpClient.getResponseTimeout()	false	false	false	0	0	0	0	null	null
com.loopj.android.http.AsyncHttpClient.removeHeader(String)	false	false	false	0	0	0	0	null	null
com.loopj.android.http.AsyncHttpClient.getHttpContext()	false	false	false	0	0	0	0	null	null
com.loopj.android.http.sample.AsyncBackgroundThreadSample.isRequestHeadersAllowed()	false	false	false	0	0	0	0	null	null
com.loopj.android.http.AsyncHttpResponseHandler.onFailure(int,Header[],byte[],Throwable)	false	false	true	0	0	0	1	null	null
com.loopj.android.http.AsyncHttpClient.get(Context,String,Header[],RequestParams,ResponseHandlerInterface)	false	false	false	0	0	16	16	null	null
com.loopj.android.http.sample.RangeResponseSample.getSampleTitle()	false	false	false	0	0	0	0	null	null
com.loopj.android.http.AsyncHttpClient.delete(Context,String,Header[],AsyncHttpResponseHandler)	false	false	true	0	0	0	0	null	null
com.loopj.android.http.AsyncHttpRequest.onPreProcessRequest(AsyncHttpRequest)	false	false	false	0	0	1	1	null	null
CookieVideoView.seekTo(int)	false	false	true	0	0	0	2	null	null
com.loopj.android.http.AsyncHttpClient.clearCredentialsProvider()	false	false	false	0	0	2	2	null	null
com.loopj.android.http.sample.ResumeDownloadSample.getResponseHandler()	false	false	false	0	0	0	0	null	null
com.loopj.android.http.FileAsyncHttpResponseHandler.onFailure(int,Header[],byte[],Throwable)	false	false	false	0	0	0	0	null	null
com.loopj.android.http.sample.SampleParentActivity.getColoredView(int,String)	false	false	false	0	0	15	15	null	null
com.loopj.android.http.FileAsyncHttpResponseHandler.onFailure(int,Header[],Throwable,File)	false	false	true	0	0	0	1	null	null
com.loopj.android.http.AsyncHttpResponseHandler.onProgress(int,int)	false	false	false	0	0	1	2	null	null
com.loopj.android.http.sample.CustomCASample.onCreate(Bundle)	false	false	false	0	0	0	0	null	null
com.loopj.android.http.AsyncHttpResponseHandler.setCharset(String)	false	false	false	0	0	1	1	null	null
com.loopj.android.http.sample.CustomCASample.isRequestHeadersAllowed()	false	false	false	0	0	0	0	null	null
com.loopj.android.http.sample.JsonStreamerSample.getRequestEntity()	false	false	false	0	0	0	0	null	null
com.loopj.android.http.BinaryHttpResponseHandler.handleMessage(Message)	true	true	true	1	0	0	0	[a65c7d64a8ea21a5bb7e5ce97c0e4a6847452b3b]	protected
com.loopj.android.http.AsyncHttpResponseHandler.sendRetryMessage()	false	false	true	0	0	0	1	null	null
com.loopj.android.http.BaseJsonHttpResponseHandler.onFailure(int,Header[],Throwable,String)	false	false	true	0	0	0	0	null	null
com.loopj.android.http.SimpleMultipartEntity.getContentType()	false	false	false	0	0	0	0	null	null
com.loopj.android.http.BinaryHttpResponseHandler.sendSuccessMessage(int,byte[])	false	false	true	0	0	0	1	null	null
com.loopj.android.http.MyRedirectHandler.isRedirectRequested(HttpResponse,HttpContext)	false	false	false	0	0	0	0	null	null
com.loopj.android.http.MySSLSocketFactory.fixHttpsURLConnection()	false	false	false	0	0	0	0	null	null
com.loopj.android.http.sample.SampleParentActivity.debugStatusCode(String,int)	false	false	false	0	0	71	71	null	null
com.loopj.android.http.RequestParams.put(String,File,String,String)	false	false	false	0	0	6	6	null	null
com.loopj.android.http.AsyncHttpClient.getHttpClient()	false	false	false	0	0	1	1	null	null
com.loopj.android.http.sample.ContentTypeForHttpEntitySample.isRequestBodyAllowed()	false	false	false	0	0	0	0	null	null
com.loopj.android.http.sample.SampleParentActivity.throwableToString(Throwable)	false	false	false	0	0	1	1	null	null
com.loopj.android.http.AsyncHttpResponseHandler.sendFailureMessage(Throwable,byte[])	false	false	true	0	0	0	1	null	null
com.loopj.android.http.sample.PostSample.getResponseHandler()	false	false	false	0	0	0	0	null	null
com.loopj.android.http.AsyncHttpClient.head(Context,String,RequestParams,ResponseHandlerInterface)	false	false	false	0	0	3	3	null	null
CookieVideoView.setVideoURI(Uri)	false	false	true	0	0	0	1	null	null
com.loopj.android.http.SaxAsyncHttpResponseHandler.onSuccess(int,Header[],byte[])	false	false	false	0	0	0	0	null	null
com.loopj.android.http.sample.PrePostProcessingSample.getResponseHandler()	false	false	false	0	0	0	0	null	null
com.loopj.android.http.sample.SynchronousClientSample.isRequestBodyAllowed()	false	false	false	0	0	0	0	null	null
com.loopj.android.http.JsonHttpResponseHandler.handleFailureMessage(Throwable,String)	false	false	true	0	0	0	0	null	null
com.loopj.android.http.PersistentCookieStore.hexStringToByteArray(String)	false	false	false	0	0	1	1	null	null
com.loopj.android.http.sample.PersistentCookiesSample.executeSample(AsyncHttpClient,String,Header[],HttpEntity,ResponseHandlerInterface)	false	false	false	0	0	0	0	null	null
com.loopj.android.http.sample.Redirect302Sample.onOptionsItemSelected(MenuItem)	false	false	false	0	0	0	0	null	null
com.loopj.android.http.AsyncHttpClient.get(String,RequestParams,AsyncHttpResponseHandler)	true	false	true	1	2	0	4	[5872e972e832086629b680a11eb7c2b1e01fffd0]	public
com.loopj.android.http.FileAsyncHttpResponseHandler.getTargetFile()	false	false	false	0	0	6	7	null	null
com.loopj.android.http.sample.SampleParentActivity.getContrastColor(int)	false	false	false	0	0	1	1	null	null
com.loopj.android.http.sample.JsonStreamerSample.executeSample(AsyncHttpClient,String,Header[],HttpEntity,ResponseHandlerInterface)	false	false	false	0	0	0	0	null	null
com.loopj.android.http.RequestParams.getEntity(ResponseHandlerInterface)	false	false	false	0	0	1	1	null	null
com.loopj.android.http.AsyncHttpResponseHandler.onFailure(Throwable,String)	false	false	true	0	0	0	4	null	null
com.loopj.android.http.sample.util.SecureSocketFactory.createSocket()	false	false	false	0	0	0	0	null	null
com.loopj.android.http.sample.Http401AuthSample.getResponseHandler()	false	false	false	0	0	0	0	null	null
com.loopj.android.http.JsonHttpResponseHandler.onSuccess(int,Header[],String)	false	false	false	0	0	0	3	null	null
com.loopj.android.http.AsyncHttpClient.post(Context,String,AsyncHttpResponseHandler)	false	false	true	0	0	0	0	null	null
com.loopj.android.http.sample.services.ExampleIntentService.onHandleIntent(Intent)	false	false	false	0	0	0	0	null	null
com.loopj.android.http.AsyncHttpResponseHandler.sendResponseMessage(HttpResponse)	true	true	false	1	1	0	1	[6fe5ce640634c2d11d7828fabf706b7977f03674, cc38f5dbcb6cd8ee23215589015087a7ecf7a871]	package
com.loopj.android.http.AsyncHttpClient.get(String,ResponseHandlerInterface)	false	false	false	0	0	0	2	null	null
CookieVideoView.setVideoPath(String)	false	false	true	0	0	0	0	null	null
com.loopj.android.http.FileAsyncHttpResponseHandler.onFailure(int,Throwable,File)	false	false	true	0	0	0	1	null	null
com.loopj.android.http.sample.DigestAuthSample.isRequestBodyAllowed()	false	false	false	0	0	0	0	null	null
com.loopj.android.http.AsyncHttpClient.post(Context,String,Header[],RequestParams,String,ResponseHandlerInterface)	false	false	false	0	0	4	4	null	null
com.loopj.android.http.AsyncHttpClient.getThreadPool()	false	false	false	0	0	0	0	null	null
com.loopj.android.http.AsyncHttpResponseHandler.setUseSynchronousMode(Boolean)	false	false	true	0	0	0	1	null	null
com.loopj.android.http.SimpleMultipartEntity.addPart(String,String,InputStream,String)	false	false	false	0	0	1	2	null	null
com.loopj.android.http.AsyncHttpResponseHandler.sendSuccessMessage(String)	false	false	true	0	0	0	1	null	null
com.loopj.android.http.sample.Http401AuthSample.DialogRunnable.onClick(DialogInterface,int)	false	false	false	0	0	0	0	null	null
com.loopj.android.http.AsyncHttpClient.getMaxConnections()	false	false	false	0	0	0	0	null	null
com.loopj.android.http.sample.PersistentCookiesSample.getResponseHandler()	false	false	false	0	0	0	0	null	null
com.loopj.android.http.sample.SaxSample.SAXTreeStructure.startElement(String,String,String,Attributes)	false	false	false	0	0	0	0	null	null
com.loopj.android.http.sample.Redirect302Sample.getAsyncHttpClient()	false	false	false	0	0	0	0	null	null
com.loopj.android.http.FileAsyncHttpResponseHandler.getResponseData(HttpEntity)	false	false	false	0	0	0	0	null	null
com.loopj.android.http.SaxAsyncHttpResponseHandler.onFailure(int,Header[],byte[],Throwable)	false	false	false	0	0	0	0	null	null
com.loopj.android.http.AsyncHttpClient.getDefaultSchemeRegistry(boolean,int,int)	false	false	false	0	0	1	1	null	null
com.loopj.android.http.sample.util.SampleJSON.setAccept(String)	false	false	false	0	0	0	0	null	null
com.loopj.android.http.sample.SaxSample.getDefaultURL()	false	false	false	0	0	0	0	null	null
com.loopj.android.http.sample.DeleteSample.executeSample(AsyncHttpClient,String,Header[],HttpEntity,AsyncHttpResponseHandler)	false	false	true	0	0	0	0	null	null
com.loopj.android.http.BinaryHttpResponseHandler.sendFailureMessage(Throwable,byte[])	false	false	true	0	0	0	4	null	null
com.loopj.android.http.sample.DeleteSample.getSampleTitle()	false	false	false	0	0	0	0	null	null
com.loopj.android.http.SimpleMultipartEntity.writeTo(OutputStream)	false	false	false	0	0	0	0	null	null
com.loopj.android.http.sample.util.FileUtil.getStringFromFile(File)	false	false	false	0	0	2	2	null	null
com.loopj.android.http.AsyncHttpClient.put(String,ResponseHandlerInterface)	false	false	false	0	0	0	0	null	null
com.loopj.android.http.sample.MainActivity.getURLString()	false	false	true	0	0	0	2	null	null
com.loopj.android.http.AsyncHttpClient.post(Context,String,RequestParams,AsyncHttpResponseHandler)	true	false	true	1	3	0	3	[7cfe8d72cbbea8532c70c10a1a6bd636ab7ae00b, 9072890c5e5510efa35a28633e1357cd87582721]	public
com.loopj.android.http.AsyncHttpClient.put(String,AsyncHttpResponseHandler)	false	false	true	0	0	0	0	null	null
com.loopj.android.http.AsyncHttpResponseHandler.sendFailureMessage(Throwable,String)	false	false	true	0	0	0	7	null	null
CookieVideoView.start()	false	false	true	0	0	0	5	null	null
com.loopj.android.http.AsyncHttpClient.setConnectTimeout(int)	false	false	false	0	0	1	1	null	null
com.loopj.android.http.sample.CustomCASample.getReadmeText()	false	false	false	0	0	1	1	null	null
com.loopj.android.http.TextHttpResponseHandler.onFailure(int,Header[],String,Throwable)	false	false	true	0	0	0	3	null	null
com.loopj.android.http.sample.FileSample.executeSample(AsyncHttpClient,String,Header[],HttpEntity,AsyncHttpResponseHandler)	false	false	true	0	0	0	0	null	null
com.loopj.android.http.SyncHttpClient.delete(String,RequestParams,AsyncHttpResponseHandler)	false	false	true	0	0	0	2	null	null
com.loopj.android.http.SimpleMultipartEntity.isRepeatable()	false	false	false	0	0	0	0	null	null
com.loopj.android.http.sample.MainActivity.printContents(String)	false	false	true	0	0	0	4	null	null
com.loopj.android.http.JsonStreamerEntity.getContentType()	false	false	false	0	0	0	0	null	null
com.loopj.android.http.JsonHttpResponseHandler.handleSuccessJsonMessage(int,Header[],Object)	true	false	true	2	0	0	1	[6fe5ce640634c2d11d7828fabf706b7977f03674, a65c7d64a8ea21a5bb7e5ce97c0e4a6847452b3b]	protected
com.loopj.android.http.AsyncHttpClient.allowRetryExceptionClass(Class)	false	false	false	0	0	3	3	null	null
com.loopj.android.http.SyncHttpClient.post(String,RequestParams)	false	false	true	0	0	0	0	null	null
com.loopj.android.http.sample.SynchronousClientSample.executeSample(AsyncHttpClient,String,Header[],HttpEntity,ResponseHandlerInterface)	false	false	false	0	0	0	0	null	null
com.loopj.android.http.AsyncHttpClient.addEntityToRequestBase(HttpEntityEnclosingRequestBase,HttpEntity)	false	false	false	0	0	4	4	null	null
com.loopj.android.http.AsyncHttpClient.blockRetryExceptionClass(Class)	false	false	false	0	0	2	2	null	null
com.loopj.android.http.sample.util.SampleJSON.setUserAgent(String)	false	false	false	0	0	0	0	null	null
com.loopj.android.http.AsyncHttpClient.AsyncHttpClient(boolean,int,int)	true	false	true	1	0	0	0	[be2bac0d4e310106f81c6b50eda94d39cd091ff5]	public
com.loopj.android.http.AsyncHttpClient.paramsToEntity(RequestParams,AsyncHttpResponseHandler)	false	false	true	0	0	0	3	null	null
com.loopj.android.http.Base64OutputStream.close()	false	false	false	0	0	0	1	null	null
com.loopj.android.http.sample.SampleParentActivity.getUrlText()	false	false	false	0	0	0	0	null	null
com.loopj.android.http.AsyncHttpResponseHandler.onSuccess(int,Header[],byte[])	false	false	true	0	0	0	1	null	null
com.loopj.android.http.sample.RangeResponseSample.executeSample(AsyncHttpClient,String,Header[],HttpEntity,ResponseHandlerInterface)	false	false	false	0	0	0	0	null	null
com.loopj.android.http.AsyncHttpClient.head(Context,String,Header[],RequestParams,ResponseHandlerInterface)	false	false	false	0	0	1	1	null	null
com.loopj.android.http.JsonHttpResponseHandler.onFailure(int,Header[],String,Throwable)	false	false	false	0	0	6	6	null	null
com.loopj.android.http.AsyncHttpRequest.isDone()	false	false	false	0	0	1	1	null	null
com.loopj.android.http.sample.PutSample.isRequestBodyAllowed()	false	false	false	0	0	0	0	null	null
com.loopj.android.http.sample.ResumeDownloadSample.getDefaultURL()	false	false	false	0	0	0	0	null	null
com.loopj.android.http.sample.JsonStreamerSample.getSampleTitle()	false	false	false	0	0	0	0	null	null
com.loopj.android.http.sample.ContentTypeForHttpEntitySample.getDefaultURL()	false	false	false	0	0	0	0	null	null
CookieVideoView.setOnErrorListener(OnErrorListener)	false	false	true	0	0	0	0	null	null
com.loopj.android.http.sample.IntentServiceSample.onPause()	false	false	false	0	0	0	0	null	null
com.loopj.android.http.sample.Http401AuthSample.DialogRunnable.run()	false	false	false	0	0	0	0	null	null
com.loopj.android.http.sample.PrePostProcessingSample.debugProcessing(String,String,String,int)	false	false	false	0	0	6	6	null	null
com.loopj.android.http.sample.DeleteSample.executeSample(AsyncHttpClient,String,Header[],HttpEntity,ResponseHandlerInterface)	false	false	false	0	0	0	0	null	null
com.loopj.android.http.JsonStreamerEntity.isRepeatable()	false	false	false	0	0	0	0	null	null
com.loopj.android.http.sample.PutSample.getSampleTitle()	false	false	false	0	0	0	0	null	null
com.loopj.android.http.PersistentCookieStore.addCookie(Cookie)	false	false	false	0	0	0	0	null	null
com.loopj.android.http.JsonHttpResponseHandler.onSuccess(JSONArray)	false	false	true	0	0	0	0	null	null
com.loopj.android.http.sample.SaxSample.executeSample(AsyncHttpClient,String,Header[],HttpEntity,ResponseHandlerInterface)	false	false	false	0	0	0	0	null	null
CookieVideoView.stopPlayback()	false	false	true	0	0	0	0	null	null
com.loopj.android.http.RequestHandle.isCancelled()	false	false	false	0	0	2	2	null	null
com.loopj.android.http.SimpleMultipartEntity.getContentEncoding()	false	false	false	0	0	0	0	null	null
com.loopj.android.http.TextHttpResponseHandler.onFailure(String,Throwable)	false	false	true	0	0	0	1	null	null
com.loopj.android.http.AsyncHttpResponseHandler.sendStartMessage()	false	false	false	0	0	0	1	null	null
com.loopj.android.http.JsonHttpResponseHandler.handleFailureMessage(int,Header[],Throwable,String)	false	false	true	0	0	0	0	null	null
com.loopj.android.http.AsyncHttpResponseHandler.getResponseBody(HttpResponse)	false	false	true	0	0	0	1	null	null
com.loopj.android.http.AsyncHttpResponseHandler.setRequestURI(URI)	false	false	false	0	0	0	0	null	null
com.loopj.android.http.RequestHandle.shouldBeGarbageCollected()	false	false	false	0	0	1	1	null	null
com.loopj.android.http.AsyncHttpClient.silentCloseOutputStream(OutputStream)	false	false	false	0	0	5	5	null	null
com.loopj.android.http.RequestParams.put(String,String,File)	false	false	false	0	0	0	0	null	null
TwitterRestClient.post(String,RequestParams,AsyncHttpResponseHandler)	false	false	true	0	0	0	0	null	null
com.loopj.android.http.sample.ResumeDownloadSample.getDownloadTarget()	false	false	false	0	0	1	1	null	null
CookieVideoView.setOnInfoListener(OnInfoListener)	false	false	true	0	0	0	0	null	null
com.loopj.android.http.RequestParams.put(String,InputStream,String,String)	true	false	false	1	1	1	2	[553b6a3b36c887d847261af4bf0f8415815537b3]	public
com.loopj.android.http.AsyncHttpResponseHandler.handleFailureMessage(Throwable)	false	false	true	0	0	0	1	null	null
com.loopj.android.http.sample.SampleApplication.setStrictMode()	false	false	false	0	0	1	1	null	null
com.loopj.android.http.AsyncHttpClient.InflatingEntity.getContentLength()	false	false	false	0	0	0	0	null	null
com.loopj.android.http.SimpleMultipartEntity.addPart(String,File,boolean)	false	false	true	0	0	0	0	null	null
com.loopj.android.http.sample.PutSample.getResponseHandler()	false	false	false	0	0	0	0	null	null
com.loopj.android.http.SimpleMultipartEntity.addPart(String,String,InputStream)	false	false	true	0	0	0	2	null	null
com.loopj.android.http.RequestParams.put(String,ByteArrayInputStream,String,String)	false	false	true	0	0	0	2	null	null
com.loopj.android.http.SimpleMultipartEntity.writeBoundary()	false	false	true	0	0	0	4	null	null
com.loopj.android.http.RequestParams.put(String,InputStream)	false	false	false	0	0	0	0	null	null
com.loopj.android.http.sample.RangeResponseSample.getDefaultURL()	false	false	false	0	0	0	0	null	null
com.loopj.android.http.AsyncHttpClient.getDefaultThreadPool()	false	false	false	0	0	1	1	null	null
com.loopj.android.http.AsyncHttpResponseHandler.handleProgressMessage(int,int)	false	false	true	0	0	0	0	null	null
com.loopj.android.http.BinaryHttpResponseHandler.onSuccess(int,byte[])	false	false	true	0	0	0	1	null	null
com.loopj.android.http.RequestParams.getParamString()	false	false	false	0	0	1	1	null	null
com.loopj.android.http.sample.PrePostProcessingSample.getDefaultURL()	false	false	false	0	0	0	0	null	null
com.loopj.android.http.AsyncHttpClient.getTimeout()	false	false	false	0	0	0	0	null	null
com.loopj.android.http.JsonStreamerEntity.addPart(String,InputStream,String,String)	false	false	true	0	0	0	2	null	null
com.loopj.android.http.BaseJsonHttpResponseHandler.onSuccess(int,Header[],String)	false	false	false	0	0	0	0	null	null
com.loopj.android.http.sample.PersistentCookiesSample.isRequestBodyAllowed()	false	false	false	0	0	0	0	null	null
com.loopj.android.http.RequestParams.createJsonStreamerEntity()	false	false	true	0	0	0	1	null	null
com.loopj.android.http.sample.FilesSample.createTempFile(String,int)	false	false	false	0	0	5	5	null	null
com.loopj.android.http.JsonStreamerEntity.getContent()	false	false	false	0	0	0	0	null	null
com.loopj.android.http.AsyncHttpClient.setBasicAuth(String,String,AuthScope,boolean)	false	false	false	0	0	2	2	null	null
com.loopj.android.http.AsyncHttpClient.head(String,RequestParams,ResponseHandlerInterface)	false	false	false	0	0	0	0	null	null
com.loopj.android.http.sample.ContentTypeForHttpEntitySample.isRequestHeadersAllowed()	false	false	false	0	0	0	0	null	null
com.loopj.android.http.JsonHttpResponseHandler.onFailure(int,Header[],Throwable,JSONObject)	false	false	false	0	0	19	19	null	null
com.loopj.android.http.sample.MainActivity.printHeaders(Header[])	false	false	true	0	0	0	4	null	null
com.loopj.android.http.AsyncHttpClient.cancelRequests(Context,boolean)	false	false	false	0	0	1	1	null	null
com.loopj.android.http.sample.ResumeDownloadSample.executeSample(AsyncHttpClient,String,Header[],HttpEntity,ResponseHandlerInterface)	false	false	false	0	0	0	0	null	null
com.loopj.android.http.RetryHandler.addClassToWhitelist(Class)	false	false	false	0	0	1	1	null	null
com.loopj.android.http.Base64OutputStream.write(int)	false	false	false	0	0	0	0	null	null
com.loopj.android.http.DataAsyncHttpResponseHandler.getResponseData(HttpEntity)	false	false	false	0	0	0	0	null	null
TwitterRestClient.getAbsoluteUrl(String)	false	false	true	0	0	0	2	null	null
com.loopj.android.http.sample.Redirect302Sample.onPrepareOptionsMenu(Menu)	false	false	false	0	0	0	0	null	null
com.loopj.android.http.sample.SampleParentActivity.debugHeaders(String,Header[])	false	false	false	0	0	71	71	null	null
com.loopj.android.http.sample.DeleteSample.getDefaultURL()	false	false	false	0	0	0	0	null	null
com.loopj.android.http.sample.AsyncBackgroundThreadSample.isRequestBodyAllowed()	false	false	false	0	0	0	0	null	null
com.loopj.android.http.AsyncHttpClient.setEnableRedirects(boolean,boolean)	false	false	false	0	0	0	0	null	null
com.loopj.android.http.SyncHttpClient.delete(String,RequestParams)	false	false	true	0	0	0	0	null	null
CookieVideoView.isInPlaybackState()	false	false	true	0	0	0	10	null	null
com.loopj.android.http.AsyncHttpResponseHandler.handleSuccessMessage(int,Header[],byte[])	false	false	true	0	0	0	1	null	null
com.loopj.android.http.PersistentCookieStore.deleteCookie(Cookie)	false	false	false	0	0	0	0	null	null
com.loopj.android.http.sample.PutSample.getDefaultURL()	false	false	false	0	0	0	0	null	null
com.loopj.android.http.sample.JsonSample.getDefaultURL()	false	false	false	0	0	0	0	null	null
com.loopj.android.http.sample.AsyncBackgroundThreadSample.executeSample(AsyncHttpClient,String,Header[],HttpEntity,ResponseHandlerInterface)	false	false	false	0	0	0	0	null	null
com.loopj.android.http.AsyncHttpClient.delete(String,ResponseHandlerInterface)	false	false	false	0	0	0	0	null	null
com.loopj.android.http.JsonStreamerEntity.endMetaData(OutputStream)	false	false	false	0	0	2	2	null	null
com.loopj.android.http.FileAsyncHttpResponseHandler.onSuccess(File)	false	false	true	0	0	0	1	null	null
com.loopj.android.http.sample.util.SecureSocketFactory.createSocket(Socket,String,int,boolean)	false	false	false	0	0	0	0	null	null
com.loopj.android.http.sample.SampleParentActivity.getRequestEntity()	false	false	false	0	0	1	1	null	null
CookieVideoView.onTouchEvent(MotionEvent)	false	false	true	0	0	0	0	null	null
com.loopj.android.http.sample.ThreadingTimeoutSample.executeSample(AsyncHttpClient,String,Header[],HttpEntity,AsyncHttpResponseHandler)	false	false	true	0	0	0	0	null	null
com.loopj.android.http.RetryHandler.addClassToBlacklist(Class)	false	false	false	0	0	1	1	null	null
com.loopj.android.http.RetryHandler.retryRequest(IOException,int,HttpContext)	false	false	false	0	0	0	0	null	null
com.loopj.android.http.RequestParams.put(String,File)	false	false	false	0	0	1	1	null	null
com.loopj.android.http.sample.SampleParentActivity.debugThrowable(String,Throwable)	false	false	false	0	0	35	35	null	null
com.loopj.android.http.AsyncHttpResponseHandler.onStart()	false	false	false	0	0	1	1	null	null
com.loopj.android.http.sample.ResumeDownloadSample.isRequestBodyAllowed()	false	false	false	0	0	0	0	null	null
com.loopj.android.http.sample.Redirect302Sample.getSampleTitle()	false	false	false	0	0	0	0	null	null
com.loopj.android.http.JsonHttpResponseHandler.handleResponseMessage(HttpResponse)	true	false	true	1	0	0	0	[9349b47678587c628065e3af7968d41e4c7eefd7]	protected
com.loopj.android.http.AsyncHttpResponseHandler.obtainMessage(int,Object)	false	false	false	0	0	8	15	null	null
com.loopj.android.http.BinaryHttpResponseHandler.onFailure(Throwable,byte[])	false	false	true	0	0	0	1	null	null
com.loopj.android.http.AsyncHttpClient.head(Context,String,Header[],RequestParams,AsyncHttpResponseHandler)	false	false	true	0	0	0	0	null	null
com.loopj.android.http.RequestParams.put(String,long)	false	false	false	0	0	0	0	null	null
com.loopj.android.http.AsyncHttpClient.InflatingEntity.consumeContent()	false	false	false	0	0	0	0	null	null
com.loopj.android.http.sample.JsonSample.getResponseHandler()	false	false	false	0	0	0	0	null	null
com.loopj.android.http.AsyncHttpClient.setProxy(String,int)	false	false	false	0	0	0	0	null	null
com.loopj.android.http.SimpleMultipartEntity.FilePart.writeTo(OutputStream)	false	false	false	0	0	1	1	null	null
com.loopj.android.http.SimpleMultipartEntity.addPart(String,File)	false	false	false	0	0	0	0	null	null
com.loopj.android.http.AsyncHttpClient.head(Context,String,RequestParams,AsyncHttpResponseHandler)	false	false	true	0	0	0	3	null	null
com.loopj.android.http.sample.ContentTypeForHttpEntitySample.executeSample(AsyncHttpClient,String,Header[],HttpEntity,ResponseHandlerInterface)	false	false	false	0	0	0	0	null	null
com.loopj.android.http.sample.SampleParentActivity.getBodyText()	false	false	false	0	0	2	2	null	null
CookieVideoView.initVideoView(Context)	false	false	true	0	0	0	3	null	null
com.loopj.android.http.JsonHttpResponseHandler.handleSuccessJsonMessage(int,Object)	true	false	true	2	0	0	0	[ded7e8001d1e77ce70979adfa0a987bcecd8daea]	protected
TwitterRestClient.get(String,RequestParams,AsyncHttpResponseHandler)	false	false	true	0	0	0	1	null	null
com.loopj.android.http.sample.util.IntentUtil.deserializeHeaders(String[])	false	false	false	0	0	1	1	null	null
TwitterRestClientUsage.getPublicTimeline()	false	false	true	0	0	0	0	null	null
com.loopj.android.http.sample.SampleParentActivity.getHttpRequest(DefaultHttpClient,HttpContext,HttpUriRequest,String,ResponseHandlerInterface,Context)	false	false	false	0	0	1	1	null	null
com.loopj.android.http.sample.SampleParentActivity.onCreateOptionsMenu(Menu)	false	false	false	0	0	0	0	null	null
com.loopj.android.http.sample.SampleParentActivity.getHeadersText(String)	false	false	false	0	0	1	1	null	null
com.loopj.android.http.AsyncHttpClient.sendRequest(DefaultHttpClient,HttpContext,HttpUriRequest,String,ResponseHandlerInterface,Context)	false	false	false	0	0	12	12	null	null
com.loopj.android.http.sample.AsyncBackgroundThreadSample.onStop()	false	false	false	0	0	0	0	null	null
com.loopj.android.http.MySSLSocketFactory.getFixedSocketFactory()	false	false	false	0	0	1	1	null	null
com.loopj.android.http.sample.GetSample.isRequestBodyAllowed()	false	false	false	0	0	0	0	null	null
com.loopj.android.http.sample.SampleParentActivity.getUrlText(String)	false	false	false	0	0	2	2	null	null
CookieVideoView.onInitializeAccessibilityEvent(AccessibilityEvent)	false	false	true	0	0	0	0	null	null
com.loopj.android.http.AsyncHttpClient.put(Context,String,HttpEntity,String,ResponseHandlerInterface)	false	false	false	0	0	1	1	null	null
com.loopj.android.http.sample.util.SampleJSON.getUserAgent()	false	false	false	0	0	0	0	null	null
com.loopj.android.http.sample.PersistentCookiesSample.isRequestHeadersAllowed()	false	false	false	0	0	0	0	null	null
com.loopj.android.http.sample.IntentServiceSample.getDefaultURL()	false	false	false	0	0	0	0	null	null
com.loopj.android.http.SerializableCookie.writeObject(ObjectOutputStream)	false	false	false	0	0	0	0	null	null
com.loopj.android.http.AsyncHttpRequest.onPostProcessRequest(AsyncHttpRequest)	false	false	false	0	0	1	1	null	null
com.loopj.android.http.sample.SampleParentActivity.getHeadersText()	false	false	false	0	0	0	0	null	null
com.loopj.android.http.sample.MainActivity.startRequest()	false	false	true	0	0	0	1	null	null
com.loopj.android.http.JsonHttpResponseHandler.handleMessage(Message)	false	false	true	0	0	0	0	null	null
com.loopj.android.http.TextHttpResponseHandler.getResponseString(byte[],String)	false	false	false	0	0	3	3	null	null
TestCaseExampleUsage.testAsync()	false	false	true	0	0	0	0	null	null
CookieVideoView.toggleMediaControlsVisiblity()	false	false	true	0	0	0	3	null	null
com.loopj.android.http.AsyncHttpClient.setBasicAuth(String,String,AuthScope)	true	false	false	1	0	0	1	[166963e07507730734b568c950e04f87ed669d8f]	public
com.loopj.android.http.sample.ThreadingTimeoutSample.isRequestBodyAllowed()	false	false	false	0	0	0	0	null	null
com.loopj.android.http.SimpleMultipartEntity.getContentLength()	false	false	false	0	0	1	1	null	null
com.loopj.android.http.AsyncHttpResponseHandler.handleMessage(Message)	false	false	false	0	0	2	4	null	null
com.loopj.android.http.SyncHttpClient.put(String)	false	false	true	0	0	0	0	null	null
com.loopj.android.http.sample.AsyncBackgroundThreadSample.getDefaultURL()	false	false	false	0	0	0	0	null	null
com.loopj.android.http.RangeFileAsyncHttpResponseHandler.sendResponseMessage(HttpResponse)	false	false	false	0	0	0	0	null	null
com.loopj.android.http.AsyncHttpResponseHandler.sendFailureMessage(int,Header[],Throwable,byte[])	false	false	true	0	0	0	0	null	null
com.loopj.android.http.BaseJsonHttpResponseHandler.onSuccess(int,String)	false	false	true	0	0	0	0	null	null
com.loopj.android.http.sample.FileSample.isRequestBodyAllowed()	false	false	false	0	0	0	0	null	null
com.loopj.android.http.sample.RangeResponseSample.isRequestHeadersAllowed()	false	false	false	0	0	0	0	null	null
com.loopj.android.http.AsyncHttpClient.put(Context,String,Header[],HttpEntity,String,AsyncHttpResponseHandler)	false	false	true	0	0	0	1	null	null
com.loopj.android.http.SimpleMultipartEntity.isStreaming()	false	false	false	0	0	1	1	null	null
com.loopj.android.http.AsyncHttpClient.endEntityViaReflection(HttpEntity)	false	false	false	0	0	1	1	null	null
com.loopj.android.http.sample.DigestAuthSample.isRequestHeadersAllowed()	false	false	false	0	0	0	0	null	null
CookieVideoView.release(boolean)	false	false	true	0	0	0	3	null	null
com.loopj.android.http.sample.util.SampleJSON.setConnection(String)	false	false	false	0	0	0	0	null	null
com.loopj.android.http.AsyncHttpResponseHandler.onPostProcessResponse(ResponseHandlerInterface,HttpResponse)	false	false	false	0	0	0	0	null	null
com.loopj.android.http.sample.BinarySample.isRequestHeadersAllowed()	false	false	false	0	0	0	0	null	null
com.loopj.android.http.sample.PostSample.isRequestHeadersAllowed()	false	false	false	0	0	0	0	null	null
com.loopj.android.http.sample.ThreadingTimeoutSample.getResponseHandler()	false	false	false	0	0	0	0	null	null
com.loopj.android.http.sample.ThreadingTimeoutSample.getDefaultURL()	false	false	false	0	0	0	0	null	null
com.loopj.android.http.sample.util.IntentUtil.serializeHeaders(Header[])	false	false	false	0	0	4	4	null	null
com.loopj.android.http.sample.util.SampleJSON.getConnection()	false	false	false	0	0	0	0	null	null
com.loopj.android.http.sample.AsyncBackgroundThreadSample.getSampleTitle()	false	false	false	0	0	0	0	null	null
com.loopj.android.http.DataAsyncHttpResponseHandler.handleMessage(Message)	false	false	false	0	0	0	0	null	null
CookieVideoView.pause()	false	false	true	0	0	0	2	null	null
com.loopj.android.http.sample.JsonStreamerSample.getBodyTextAsJSON()	false	false	false	0	0	1	1	null	null
com.loopj.android.http.sample.IntentServiceSample.isRequestBodyAllowed()	false	false	false	0	0	0	0	null	null
com.loopj.android.http.AsyncHttpResponseHandler.sendFailureMessage(int,Header[],Throwable,String)	false	false	true	0	0	0	8	null	null
com.loopj.android.http.sample.SynchronousClientSample.getSampleTitle()	false	false	false	0	0	0	0	null	null
com.loopj.android.http.sample.PutSample.isRequestHeadersAllowed()	false	false	false	0	0	0	0	null	null
com.loopj.android.http.AsyncHttpClient.addHeader(String,String)	false	false	false	0	0	0	0	null	null
com.loopj.android.http.Base64.Encoder.process(byte[],int,int,boolean)	false	false	false	0	0	1	1	null	null
com.loopj.android.http.JsonStreamerEntity.writeMetaData(OutputStream,String,String)	false	false	false	0	0	2	2	null	null
com.loopj.android.http.sample.SampleParentActivity.onCreate(Bundle)	false	false	false	0	0	0	0	null	null
com.loopj.android.http.AsyncHttpResponseHandler.postRunnable(Runnable)	false	false	false	0	0	18	18	null	null
com.loopj.android.http.sample.PersistentCookiesSample.onCreate(Bundle)	false	false	false	0	0	0	0	null	null
com.loopj.android.http.sample.CancelAllRequestsSample.onCancelButtonPressed()	false	false	false	0	0	0	0	null	null
com.loopj.android.http.sample.GetSample.isRequestHeadersAllowed()	false	false	false	0	0	0	0	null	null
com.loopj.android.http.AsyncHttpClient.setCredentials(AuthScope,Credentials)	false	false	false	0	0	2	2	null	null
com.loopj.android.http.FileAsyncHttpResponseHandler.onFailure(Throwable,File)	false	false	true	0	0	0	1	null	null
com.loopj.android.http.SyncHttpClient.post(String)	false	false	true	0	0	0	0	null	null
com.loopj.android.http.AsyncHttpResponseHandler.setRequestHeaders(Header[])	false	false	false	0	0	0	0	null	null
com.loopj.android.http.sample.JsonSample.executeSample(AsyncHttpClient,String,Header[],HttpEntity,AsyncHttpResponseHandler)	false	false	true	0	0	0	0	null	null
com.loopj.android.http.SimpleMultipartEntity.getContent()	false	false	false	0	0	0	0	null	null
com.loopj.android.http.sample.CancelRequestHandleSample.onCancelButtonPressed()	false	false	false	0	0	0	0	null	null
com.loopj.android.http.sample.ThreadingTimeoutSample.executeSample(AsyncHttpClient,String,Header[],HttpEntity,ResponseHandlerInterface)	false	false	false	0	0	0	0	null	null
com.loopj.android.http.PersistentCookieStore.getCookie(String)	false	false	true	0	0	0	0	null	null
com.loopj.android.http.AsyncHttpClient.put(Context,String,HttpEntity,String,AsyncHttpResponseHandler)	false	false	true	0	0	0	1	null	null
com.loopj.android.http.sample.SynchronousClientSample.onCreate(Bundle)	false	false	false	0	0	0	0	null	null
com.loopj.android.http.AsyncHttpResponseHandler.onPreProcessResponse(ResponseHandlerInterface,HttpResponse)	false	false	false	0	0	0	0	null	null
com.loopj.android.http.sample.DigestAuthSample.onCreate(Bundle)	false	false	false	0	0	0	0	null	null
com.loopj.android.http.Base64.decode(byte[],int,int,int)	false	false	false	0	0	1	1	null	null
com.loopj.android.http.Base64.decode(byte[],int)	false	false	false	0	0	1	1	null	null
com.loopj.android.http.AsyncHttpResponseHandler.ResponderHandler.handleMessage(Message)	false	false	false	0	0	0	0	null	null
com.loopj.android.http.sample.ThreadingTimeoutSample.getSampleTitle()	false	false	false	0	0	0	0	null	null
com.loopj.android.http.sample.RangeResponseSample.onDestroy()	false	false	false	0	0	0	0	null	null
com.loopj.android.http.sample.WaypointsActivity.onCreate(Bundle)	false	false	false	0	0	0	0	null	null
com.loopj.android.http.sample.SaxSample.isRequestHeadersAllowed()	false	false	false	0	0	0	0	null	null
com.loopj.android.http.RequestParams.has(String)	false	false	false	0	0	0	0	null	null
com.loopj.android.http.JsonHttpResponseHandler.onFailure(Throwable,JSONArray)	false	false	true	0	0	0	0	null	null
com.loopj.android.http.SyncHttpClient.post(String,HttpEntity)	false	false	true	0	0	0	0	null	null
com.loopj.android.http.sample.MainActivity.verifyUrl()	false	false	true	0	0	0	1	null	null
CookieVideoView.suspend()	false	false	true	0	0	0	0	null	null
com.loopj.android.http.sample.util.SampleJSON.getAccept()	false	false	false	0	0	0	0	null	null
com.loopj.android.http.AsyncHttpClient.get(Context,String,Header[],RequestParams,AsyncHttpResponseHandler)	false	false	true	0	0	0	3	null	null
com.loopj.android.http.RequestParams.put(String,ByteArrayInputStream,String)	false	false	true	0	0	0	0	null	null
com.loopj.android.http.sample.PostSample.isRequestBodyAllowed()	false	false	false	0	0	1	1	null	null
com.loopj.android.http.sample.SampleParentActivity.onPrepareOptionsMenu(Menu)	false	false	false	0	0	0	0	null	null
com.loopj.android.http.sample.PostSample.executeSample(AsyncHttpClient,String,Header[],HttpEntity,ResponseHandlerInterface)	false	false	false	0	0	0	0	null	null
com.loopj.android.http.FileAsyncHttpResponseHandler.getTemporaryFile(Context)	false	false	false	0	0	1	1	null	null
com.loopj.android.http.AsyncHttpClient.setThreadPool(ThreadPoolExecutor)	false	false	true	0	0	0	0	null	null
com.loopj.android.http.JsonHttpResponseHandler.onFailure(int,Header[],Throwable,JSONArray)	false	false	false	0	0	0	0	null	null
com.loopj.android.http.sample.util.SecureSocketFactory.injectHostname(Socket,String)	false	false	false	0	0	1	1	null	null
com.loopj.android.http.sample.RangeResponseSample.getResponseHandler()	false	false	false	0	0	0	0	null	null
com.loopj.android.http.sample.AsyncBackgroundThreadSample.getResponseHandler()	false	false	false	0	0	0	0	null	null
com.loopj.android.http.FileAsyncHttpResponseHandler.handleMessage(Message)	false	false	true	0	0	0	0	null	null
com.loopj.android.http.sample.services.ExampleIntentService.onStart(Intent,int)	false	false	false	0	0	0	0	null	null
com.loopj.android.http.SimpleMultipartEntity.isChunked()	false	false	false	0	0	0	0	null	null
com.loopj.android.http.AsyncHttpResponseHandler.sendRetryMessage(int)	false	false	false	0	0	0	0	null	null
com.loopj.android.http.AsyncHttpClient.getUrlWithQueryString(String,RequestParams)	false	false	true	0	0	0	5	null	null
com.loopj.android.http.AsyncHttpClient.get(Context,String,RequestParams,AsyncHttpResponseHandler)	true	false	true	1	3	0	3	[7cfe8d72cbbea8532c70c10a1a6bd636ab7ae00b]	public
com.loopj.android.http.AsyncHttpClient.setProxy(String,int,String,String)	false	false	false	0	0	0	0	null	null
com.loopj.android.http.SimpleMultipartEntity.consumeContent()	false	false	false	0	0	0	0	null	null
com.loopj.android.http.TextHttpResponseHandler.onSuccess(int,Header[],byte[])	false	false	false	0	0	0	0	null	null
com.loopj.android.http.sample.SampleParentActivity.clearOutputs()	false	false	false	0	0	32	32	null	null
com.loopj.android.http.SyncHttpClient.getResponseCode()	false	false	true	0	0	0	0	null	null
com.loopj.android.http.sample.ThreadingTimeoutSample.isCancelButtonAllowed()	false	false	false	0	0	0	0	null	null
com.loopj.android.http.RangeFileAsyncHttpResponseHandler.updateRequestHeaders(HttpUriRequest)	false	false	false	0	0	1	1	null	null
CookieVideoView.onTrackballEvent(MotionEvent)	false	false	true	0	0	0	0	null	null
com.loopj.android.http.AsyncHttpClient.post(Context,String,Header[],HttpEntity,String,ResponseHandlerInterface)	false	false	false	0	0	0	0	null	null
com.loopj.android.http.FileAsyncHttpResponseHandler.sendFailureMessage(int,Header[],Throwable,File)	false	false	true	0	0	0	2	null	null
com.loopj.android.http.sample.MainActivity.onClick(View)	false	false	true	0	0	0	0	null	null
com.loopj.android.http.AsyncHttpResponseHandler.handleSuccessMessage(String)	false	false	true	0	0	0	1	null	null
com.loopj.android.http.SimpleMultipartEntity.writeLastBoundaryIfNeeds()	true	false	true	1	1	0	3	[078321ab5c16807ffadbd00072333f76ff8a1d56]	public
com.loopj.android.http.JsonHttpResponseHandler.parseResponse(String)	false	false	true	0	0	0	4	null	null
com.loopj.android.http.AsyncHttpClient.clearBasicAuth()	true	false	false	1	0	0	0	[2a6a7220d8ca083e1dc9a1566fc7fadac98487f9]	public
CookieVideoView.canPause()	false	false	true	0	0	0	0	null	null
com.loopj.android.http.SimpleMultipartEntity.normalizeContentType(String)	false	false	false	0	0	3	3	null	null
com.loopj.android.http.sample.SaxSample.SAXTreeStructure.characters(char[],int,int)	false	false	false	0	0	0	0	null	null
com.loopj.android.http.PersistentCookieStore.getCookies()	false	false	false	0	0	0	1	null	null
CookieVideoView.resolveAdjustedSize(int,int)	false	false	true	0	0	0	0	null	null
com.loopj.android.http.SyncHttpClient.put(String,RequestParams)	false	false	true	0	0	0	0	null	null
com.loopj.android.http.JsonStreamerEntity.writeToFromStream(OutputStream,StreamWrapper)	false	false	false	0	0	1	1	null	null
com.loopj.android.http.AsyncHttpClient.setThreadPool(ExecutorService)	false	false	false	0	0	0	0	null	null
com.loopj.android.http.sample.ContentTypeForHttpEntitySample.getResponseHandler()	false	false	false	0	0	0	0	null	null
com.loopj.android.http.sample.Http401AuthSample.retryRequest()	false	false	false	0	0	1	1	null	null
com.loopj.android.http.sample.SampleParentActivity.setHomeAsUpEnabled()	false	false	false	0	0	1	1	null	null
com.loopj.android.http.MySSLSocketFactory.createSocket()	false	false	false	0	0	0	0	null	null
com.loopj.android.http.sample.PutSample.executeSample(AsyncHttpClient,String,Header[],HttpEntity,ResponseHandlerInterface)	false	false	false	0	0	0	0	null	null
com.loopj.android.http.RequestParams.createMultipartEntity(AsyncHttpResponseHandler)	false	false	true	0	0	0	1	null	null
com.loopj.android.http.AsyncHttpClient.setUserAgent(String)	false	false	false	0	0	0	0	null	null
com.loopj.android.http.sample.ThreadingTimeoutSample.isRequestHeadersAllowed()	false	false	false	0	0	0	0	null	null
com.loopj.android.http.JsonHttpResponseHandler.onSuccess(int,JSONArray)	false	false	true	0	0	0	0	null	null
com.loopj.android.http.JsonStreamerEntity.writeToFromFile(OutputStream,FileWrapper)	false	false	false	0	0	1	1	null	null
com.loopj.android.http.sample.ResumeDownloadSample.getSampleTitle()	false	false	false	0	0	0	0	null	null
com.loopj.android.http.BaseJsonHttpResponseHandler.onFailure(Throwable,String)	false	false	true	0	0	0	0	null	null
com.loopj.android.http.Base64.encodeToString(byte[],int)	false	false	false	0	0	0	0	null	null
com.loopj.android.http.AsyncHttpResponseHandler.handleFailureMessage(int,Header[],Throwable,String)	false	false	true	0	0	0	1	null	null
com.loopj.android.http.SaxAsyncHttpResponseHandler.getResponseData(HttpEntity)	false	false	false	0	0	0	0	null	null
com.loopj.android.http.sample.MainActivity.setStatusMessage(String,int)	false	false	true	0	0	0	8	null	null
com.loopj.android.http.JsonHttpResponseHandler.sendSuccessMessage(int,Header[],String)	false	false	true	0	0	0	0	null	null
com.loopj.android.http.sample.PrePostProcessingSample.executeSample(AsyncHttpClient,String,Header[],HttpEntity,ResponseHandlerInterface)	false	false	false	0	0	0	0	null	null
com.loopj.android.http.BinaryHttpResponseHandler.sendFailureMessage(int,Header[],Throwable,byte[])	false	false	true	0	0	0	2	null	null
com.loopj.android.http.BaseJsonHttpResponseHandler.onFailure(int,Header[],byte[],Throwable)	false	false	true	0	0	0	0	null	null
com.loopj.android.http.RequestParams.put(String,String)	false	false	false	0	0	4	4	null	null
com.loopj.android.http.AsyncHttpClient.InflatingEntity.getContent()	false	false	false	0	0	0	0	null	null
com.loopj.android.http.AsyncHttpResponseHandler.getResponseData(HttpEntity)	false	false	false	0	0	1	1	null	null
com.loopj.android.http.SimpleMultipartEntity.createContentType(String)	false	false	false	0	0	3	3	null	null
com.loopj.android.http.AsyncHttpResponseHandler.handleResponseMessage(String)	true	true	true	1	1	0	1	[9349b47678587c628065e3af7968d41e4c7eefd7]	protected
com.loopj.android.http.RequestParams.remove(String)	false	false	false	0	0	0	0	null	null
com.loopj.android.http.sample.FileSample.getResponseHandler()	false	false	false	0	0	0	0	null	null
com.loopj.android.http.SimpleMultipartEntity.addPart(String,String,InputStream,String,boolean)	false	false	true	0	0	0	2	null	null
com.loopj.android.http.AsyncHttpClient.head(String,RequestParams,AsyncHttpResponseHandler)	false	false	true	0	0	0	0	null	null
com.loopj.android.http.AsyncHttpClient.isInputStreamGZIPCompressed(PushbackInputStream)	false	false	false	0	0	1	1	null	null
CookieVideoView.getDuration()	false	false	true	0	0	0	0	null	null
com.loopj.android.http.AsyncHttpResponseHandler.onSuccess(int,String)	false	false	true	0	0	0	2	null	null
com.loopj.android.http.sample.PersistentCookiesSample.getDefaultURL()	false	false	false	0	0	0	0	null	null
com.loopj.android.http.AsyncHttpResponseHandler.handleFailureMessage(int,Header[],byte[],Throwable)	false	false	true	0	0	0	1	null	null
CookieVideoView.onMeasure(int,int)	false	false	true	0	0	0	0	null	null
CookieVideoView.resume()	false	false	true	0	0	0	0	null	null
com.loopj.android.http.Base64.encodeToString(byte[],int,int,int)	false	false	false	0	0	0	0	null	null
com.loopj.android.http.AsyncHttpRequest.makeRequestWithRetries()	false	false	false	0	0	1	1	null	null
com.loopj.android.http.AsyncHttpClient.setCookieStore(CookieStore)	false	false	false	0	0	1	1	null	null
com.loopj.android.http.AsyncHttpClient.get(Context,String,AsyncHttpResponseHandler)	false	false	true	0	0	0	0	null	null
com.loopj.android.http.sample.SampleParentActivity.onRunButtonPressed()	false	false	false	0	0	3	3	null	null
com.loopj.android.http.sample.GetSample.getResponseHandler()	false	false	false	0	0	0	0	null	null
com.loopj.android.http.sample.GetSample.executeSample(AsyncHttpClient,String,Header[],HttpEntity,AsyncHttpResponseHandler)	false	false	true	0	0	0	0	null	null
com.loopj.android.http.sample.GetSample.getSampleTitle()	false	false	false	0	0	0	0	null	null
com.loopj.android.http.SimpleMultipartEntity.addPart(String,String)	true	false	false	1	2	0	2	[ced6d5293aeacecdccf3bae06ad2136ebd1798a2]	public
com.loopj.android.http.Base64.Encoder.maxOutputSize(int)	false	false	false	0	0	0	0	null	null
com.loopj.android.http.AsyncHttpClient.delete(Context,String,Header[],RequestParams,ResponseHandlerInterface)	false	false	false	0	0	1	1	null	null
com.loopj.android.http.PreemtiveAuthorizationHttpRequestInterceptor.process(HttpRequest,HttpContext)	false	false	false	0	0	0	0	null	null
com.loopj.android.http.sample.CustomCASample.showCustomCAHelp()	false	false	false	0	0	1	1	null	null
com.loopj.android.http.sample.JsonSample.getSampleTitle()	false	false	false	0	0	0	0	null	null
com.loopj.android.http.AsyncHttpResponseHandler.sendMessage(Message)	false	false	false	0	0	8	15	null	null
com.loopj.android.http.Base64.encode(byte[],int)	false	false	false	0	0	2	2	null	null
com.loopj.android.http.sample.BinarySample.executeSample(AsyncHttpClient,String,Header[],HttpEntity,ResponseHandlerInterface)	false	false	false	0	0	0	0	null	null
CookieVideoView.getCurrentPosition()	false	false	true	0	0	0	1	null	null
com.loopj.android.http.sample.DigestAuthSample.executeSample(AsyncHttpClient,String,Header[],HttpEntity,ResponseHandlerInterface)	false	false	false	0	0	0	0	null	null
com.loopj.android.http.sample.CancelRequestHandleSample.getSampleTitle()	false	false	false	0	0	0	0	null	null
com.loopj.android.http.AsyncHttpClient.post(Context,String,RequestParams,ResponseHandlerInterface)	false	false	false	0	0	3	3	null	null
com.loopj.android.http.AsyncHttpResponseHandler.handleErrorMessage(Throwable)	false	false	true	0	0	0	1	null	null
com.loopj.android.http.sample.SampleParentActivity.getBodyText(String)	false	false	false	0	0	1	1	null	null
com.loopj.android.http.AsyncHttpClient.head(Context,String,ResponseHandlerInterface)	false	false	false	0	0	0	0	null	null
com.loopj.android.http.sample.CustomCASample.executeSample(AsyncHttpClient,String,Header[],HttpEntity,ResponseHandlerInterface)	false	false	false	0	0	0	0	null	null
com.loopj.android.http.RangeFileAsyncHttpResponseHandler.getResponseData(HttpEntity)	false	false	false	0	0	1	1	null	null
com.loopj.android.http.sample.JsonStreamerSample.isRequestHeadersAllowed()	false	false	false	0	0	0	0	null	null
com.loopj.android.http.AsyncHttpResponseHandler.onFailure(int,Header[],Throwable,String)	false	false	true	0	0	0	7	null	null
com.loopj.android.http.sample.SampleParentActivity.debugResponse(String,String)	false	false	false	0	0	62	62	null	null
com.loopj.android.http.DataAsyncHttpResponseHandler.onProgressData(byte[])	false	false	false	0	0	1	1	null	null
com.loopj.android.http.JsonStreamerEntity.isChunked()	false	false	false	0	0	0	0	null	null
com.loopj.android.http.sample.SampleParentActivity.getAsyncHttpClient()	false	false	false	0	0	4	4	null	null
com.loopj.android.http.sample.ThreadingTimeoutSample.setStatus(int,String)	false	false	false	0	0	10	10	null	null
com.loopj.android.http.sample.util.SampleJSON.setReferer(String)	false	false	false	0	0	0	0	null	null
com.loopj.android.http.TextHttpResponseHandler.handleSuccessMessage(int,Header[],byte[])	false	false	true	0	0	0	0	null	null
com.loopj.android.http.AsyncHttpClient.cancelAllRequests(boolean)	false	false	false	0	0	1	1	null	null
com.loopj.android.http.TextHttpResponseHandler.onSuccess(String)	false	false	true	0	0	0	1	null	null
com.loopj.android.http.RequestParams.setUseJsonStreamer(boolean)	false	false	false	0	0	2	2	null	null
com.loopj.android.http.Base64OutputStream.write(byte[],int,int)	false	false	false	0	0	2	2	null	null
com.loopj.android.http.AsyncHttpClient.removeAllHeaders()	false	false	false	0	0	0	0	null	null
com.loopj.android.http.sample.GzipSample.getDefaultURL()	false	false	false	0	0	0	0	null	null
com.loopj.android.http.sample.PrePostProcessingSample.PrePostProcessRequest.onPreProcessRequest(AsyncHttpRequest)	false	false	false	0	0	0	0	null	null
com.loopj.android.http.sample.Http401AuthSample.getDefaultURL()	false	false	false	0	0	0	0	null	null
com.loopj.android.http.JsonStreamerEntity.escape(String)	false	false	false	0	0	4	4	null	null
com.loopj.android.http.JsonHttpResponseHandler.onSuccess(int,Header[],byte[])	false	false	false	0	0	0	0	null	null
com.loopj.android.http.BinaryHttpResponseHandler.onSuccess(int,Header[],byte[])	false	false	true	0	0	0	0	null	null
com.loopj.android.http.MySSLSocketFactory.getKeystore()	false	false	false	0	0	1	1	null	null
com.loopj.android.http.sample.BinarySample.getResponseHandler()	false	false	false	0	0	0	0	null	null
com.loopj.android.http.SimpleMultipartEntity.addPart(String,String,InputStream,boolean)	false	false	true	0	0	0	2	null	null
com.loopj.android.http.SyncHttpClient.sendRequest(DefaultHttpClient,HttpContext,HttpUriRequest,String,AsyncHttpResponseHandler,Context)	false	false	true	0	0	0	0	null	null
com.loopj.android.http.AsyncHttpClient.silentCloseInputStream(InputStream)	false	false	false	0	0	12	12	null	null
com.loopj.android.http.SimpleMultipartEntity.FilePart.createHeader(String,String,String)	false	false	false	0	0	2	2	null	null
com.loopj.android.http.sample.SynchronousClientSample.getDefaultURL()	false	false	false	0	0	0	0	null	null
com.loopj.android.http.sample.SampleParentActivity.onCancelButtonPressed()	false	false	false	0	0	1	1	null	null
com.loopj.android.http.sample.ResumeDownloadSample.getDefaultHeaders()	false	false	false	0	0	0	0	null	null
com.loopj.android.http.AsyncHttpClient.delete(String,AsyncHttpResponseHandler)	false	false	true	0	0	0	1	null	null
CookieVideoView.getBufferPercentage()	false	false	true	0	0	0	0	null	null
com.loopj.android.http.sample.SampleParentActivity.addRequestHandle(RequestHandle)	false	false	false	0	0	1	1	null	null
com.loopj.android.http.sample.util.FileUtil.convertStreamToString(InputStream)	false	false	false	0	0	1	1	null	null
com.loopj.android.http.AsyncHttpClient.delete(Context,String,ResponseHandlerInterface)	false	false	false	0	0	1	1	null	null
com.loopj.android.http.AsyncHttpClient.put(String,RequestParams,ResponseHandlerInterface)	false	false	false	0	0	0	0	null	null
com.loopj.android.http.AsyncHttpResponseHandler.handleRetryMessage()	false	false	true	0	0	0	1	null	null
com.loopj.android.http.RequestParams.getEntity(AsyncHttpResponseHandler)	false	false	true	0	0	0	1	null	null
com.loopj.android.http.sample.Redirect302Sample.onCreateOptionsMenu(Menu)	false	false	false	0	0	0	0	null	null
com.loopj.android.http.AsyncHttpClient.delete(Context,String,Header[],RequestParams,AsyncHttpResponseHandler)	false	false	true	0	0	0	1	null	null
com.loopj.android.http.JsonHttpResponseHandler.onFailure(int,Header[],byte[],Throwable)	false	false	false	0	0	0	0	null	null
com.loopj.android.http.AsyncHttpClient.isUrlEncodingEnabled()	false	false	false	0	0	0	1	null	null
com.loopj.android.http.JsonHttpResponseHandler.onSuccess(int,Header[],JSONObject)	true	false	false	2	2	7	7	[78eee0d369f76ca9480c258292c1a959a4da648c]	public
com.loopj.android.http.sample.SampleParentActivity.getDefaultHeaders()	false	false	false	0	0	1	1	null	null
com.loopj.android.http.AsyncHttpClient.setEnableRedirects(boolean)	false	false	false	0	0	1	1	null	null
com.loopj.android.http.sample.SaxSample.getSampleTitle()	false	false	false	0	0	0	0	null	null
com.loopj.android.http.JsonStreamerEntity.isStreaming()	false	false	false	0	0	0	0	null	null
com.loopj.android.http.AsyncHttpClient.get(Context,String,RequestParams,ResponseHandlerInterface)	false	false	false	0	0	3	3	null	null
com.loopj.android.http.sample.BinarySample.getDefaultURL()	false	false	false	0	0	0	0	null	null
com.loopj.android.http.sample.JsonSample.isRequestHeadersAllowed()	false	false	false	0	0	0	0	null	null
com.loopj.android.http.AsyncHttpClient.setMaxRetries(int)	false	false	true	0	0	0	0	null	null
com.loopj.android.http.AsyncHttpClient.post(Context,String,HttpEntity,String,ResponseHandlerInterface)	false	false	false	0	0	1	1	null	null
com.loopj.android.http.AsyncHttpClient.getConnectTimeout()	false	false	false	0	0	0	0	null	null
com.loopj.android.http.AsyncHttpClient.post(String,RequestParams,ResponseHandlerInterface)	false	false	false	0	0	0	0	null	null
com.loopj.android.http.sample.IntentServiceSample.onStart()	false	false	false	0	0	0	0	null	null
com.loopj.android.http.sample.SaxSample.getResponseHandler()	false	false	false	0	0	0	0	null	null
com.loopj.android.http.sample.PrePostProcessingSample.isRequestBodyAllowed()	false	false	false	0	0	0	0	null	null
com.loopj.android.http.PersistentCookieStore.byteArrayToHexString(byte[])	false	false	false	0	0	1	1	null	null
com.loopj.android.http.JsonStreamerEntity.getContentEncoding()	false	false	false	0	0	0	0	null	null
com.loopj.android.http.MySSLSocketFactory.getNewHttpClient(KeyStore)	false	false	false	0	0	0	0	null	null
com.loopj.android.http.BinaryHttpResponseHandler.handleSuccessMessage(int,byte[])	false	false	true	0	0	0	1	null	null
com.loopj.android.http.AsyncHttpClient.setMaxConnections(int)	false	false	false	0	0	0	0	null	null
com.loopj.android.http.sample.RetryRequestSample.onCreate(Bundle)	false	false	false	0	0	0	0	null	null
com.loopj.android.http.RequestParams.createMultipartEntity(ResponseHandlerInterface)	false	false	false	0	0	1	1	null	null
com.loopj.android.http.sample.FileSample.getDefaultURL()	false	false	false	0	0	0	0	null	null
com.loopj.android.http.RequestParams.put(String,InputStream,String)	false	false	false	0	0	1	2	null	null
com.loopj.android.http.sample.GetSample.getDefaultURL()	false	false	false	0	0	0	0	null	null
com.loopj.android.http.SimpleMultipartEntity.createContentDisposition(String)	false	false	false	0	0	1	1	null	null
CookieVideoView.setMediaController(MediaController)	false	false	true	0	0	0	0	null	null
com.loopj.android.http.AsyncHttpClient.head(String,ResponseHandlerInterface)	false	false	false	0	0	0	0	null	null
com.loopj.android.http.sample.GzipSample.getSampleTitle()	false	false	false	0	0	0	0	null	null
com.loopj.android.http.sample.IntentServiceSample.isRequestHeadersAllowed()	false	false	false	0	0	0	0	null	null
