spark.servlet.FilterConfigWrapper.getServletContext()	false	false	false	0	0	0	0	null	null
spark.Spark.patch(String,String,Route,ResponseTransformer)	false	false	false	0	0	0	0	null	null
spark.BooksIntegrationTest.updateBook()	false	false	false	0	0	2	2	null	null
spark.webserver.RequestWrapper.pathInfo()	false	false	false	0	0	0	0	null	null
spark.utils.IOUtils.toByteArray(InputStream)	false	false	false	0	0	1	1	null	null
spark.RequestTest.MockedHttpServletRequest.removeAttribute(String)	false	false	false	0	0	0	0	null	null
spark.util.SparkTestUtil.doMethod(String,String,String,boolean)	false	false	true	0	0	0	2	null	null
spark.Request.headers(String)	false	false	false	0	0	1	1	null	null
spark.utils.ResourceUtils.getFile(URI,String)	false	false	false	0	0	1	1	null	null
spark.RequestTest.MockedHttpServletRequest.login(String,String)	false	false	false	0	0	0	0	null	null
spark.Node.SearchContext.setBestMarch(Node,int,int)	false	false	true	0	0	0	2	null	null
spark.utils.ObjectUtils.isEmpty(Object[])	false	false	false	0	0	1	1	null	null
spark.RequestTest.MockedHttpServletRequest.getHeader(String)	false	false	false	0	0	0	0	null	null
spark.Spark.connect(String,String,Route,ResponseTransformer)	false	false	false	0	0	0	0	null	null
spark.webserver.RequestWrapper.setDelegate(Request)	false	false	false	0	0	3	3	null	null
spark.QueryParamsMap.longValue()	false	false	false	0	0	1	1	null	null
spark.utils.Assert.state(boolean,String)	false	false	false	0	0	1	1	null	null
spark.Session.attribute(String,Object)	false	false	false	0	0	0	2	null	null
spark.RequestTest.MockedHttpServletRequest.setAttribute(String,Object)	false	false	false	0	0	0	0	null	null
spark.RequestTest.MockedHttpServletRequest.getAuthType()	false	false	false	0	0	0	0	null	null
spark.webserver.SparkServerImpl.ignite(String,int,String)	false	false	true	0	0	0	1	null	null
spark.Spark.put(String,String,Route,ResponseTransformer)	false	false	false	0	0	0	0	null	null
spark.RequestTest.MockedHttpServletRequest.logout()	false	false	false	0	0	0	0	null	null
spark.RequestTest.MockedHttpServletRequest.startAsync()	false	false	false	0	0	0	0	null	null
spark.route.SimpleRouteMatcher.parseValidateAddRoute(String,Object)	false	false	true	0	0	0	0	null	null
spark.exception.ExceptionMapper.getHandler(Class)	false	false	false	0	0	1	1	null	null
spark.RequestTest.MockedHttpServletRequest.getParameterNames()	false	false	false	0	0	0	0	null	null
spark.util.SparkTestUtil.getKeystorePassword()	false	false	false	0	0	1	2	null	null
spark.webserver.RequestWrapper.hashCode()	false	false	false	0	0	0	0	null	null
spark.webserver.RequestWrapper.cookie(String)	false	false	false	0	0	0	0	null	null
spark.QueryParamsMap.value()	false	false	false	0	0	8	8	null	null
spark.webserver.RequestWrapper.ip()	false	false	false	0	0	0	0	null	null
spark.RouteMatch.getMatchUri()	false	false	true	0	0	0	2	null	null
spark.JettyLogger.debug(Throwable)	false	false	false	0	0	0	0	null	null
spark.BooksIntegrationTest.canCreateBook()	false	false	false	0	0	0	0	null	null
spark.AbstractRoute.halt()	false	false	true	0	0	0	0	null	null
spark.examples.books.Book.getAuthor()	false	false	false	0	0	0	2	null	null
spark.RequestTest.MockedHttpServletRequest.getPart(String)	false	false	false	0	0	0	0	null	null
spark.RequestTest.MockedHttpServletRequest.isRequestedSessionIdFromURL()	false	false	false	0	0	0	0	null	null
spark.servlet.ServletTest.testExternalStaticFile()	false	false	false	0	0	0	0	null	null
spark.JettyLogger.warn(String,Object[])	false	false	false	0	0	0	0	null	null
spark.Spark.setSecure(String,String,String,String)	true	false	true	1	3	0	3	[ab957c3d05093597508da2b0bc6fbd2f7d2282ce]	public
spark.Request.scheme()	false	false	false	0	0	1	2	null	null
spark.GenericIntegrationTest.testPost()	false	false	false	0	0	0	0	null	null
spark.Spark.setPort(int)	true	false	true	1	0	0	0	[ab957c3d05093597508da2b0bc6fbd2f7d2282ce]	public
spark.Spark.halt(int)	false	false	false	0	0	0	0	null	null
spark.Response.status(int)	false	false	false	0	0	1	23	null	null
spark.webserver.SparkServerImpl.setExternalStaticFileLocationIfPresent(String,List)	false	false	true	0	0	0	1	null	null
spark.Request.bodyAsBytes()	false	false	false	0	0	1	1	null	null
spark.SparkBase.runFromServlet()	false	false	false	0	0	1	1	null	null
spark.webserver.SparkServerImpl.createSocketConnector()	false	false	true	0	0	0	1	null	null
spark.TemplateEngine.render(Object)	false	false	false	0	0	0	0	null	null
spark.webserver.SparkServerImpl.ignite(int)	true	false	true	1	1	0	1	[91df567d08fff5e0f646772efeb0b9c0a814f978]	public
spark.Response.redirect(String)	false	false	false	0	0	1	9	null	null
spark.webserver.RequestWrapper.scheme()	false	false	false	0	0	0	0	null	null
spark.utils.IOUtils.copy(InputStream,Writer)	false	false	false	0	0	2	2	null	null
spark.Spark.patch(String,TemplateViewRoute,TemplateEngine)	false	false	false	0	0	0	0	null	null
spark.util.SparkTestUtil.doMethodSecure(String,String,String,String)	false	false	false	0	0	0	0	null	null
spark.RequestTest.MockedHttpServletRequest.isRequestedSessionIdFromCookie()	false	false	false	0	0	0	0	null	null
spark.Request.servletPath()	false	false	false	0	0	2	2	null	null
spark.route.SimpleRouteMatcher.findTargetWithGivenAcceptType(List,String)	false	false	false	0	0	1	1	null	null
spark.route.SimpleRouteMatcher.addRoute(HttpMethod,String,Object)	false	false	true	0	0	0	1	null	null
spark.GenericIntegrationTest.testPostViaGetWithMethodOverrideHeader()	false	false	false	0	0	0	0	null	null
spark.RequestTest.MockedHttpServletRequest.getRequestURI()	false	false	false	0	0	0	0	null	null
spark.Node.setParamName(String)	false	false	true	0	0	0	1	null	null
spark.Response.cookie(String,String,int,boolean)	true	false	false	1	3	3	3	[086eafbf2197b0c75ea4c2db32765e03775e8ce4]	public
spark.webserver.RequestWrapper.headers()	false	false	false	0	0	0	0	null	null
spark.webserver.MatcherFilter.doFilter(ServletRequest,ServletResponse,FilterChain)	false	false	false	0	0	1	1	null	null
spark.Request.raw()	false	false	false	0	0	2	2	null	null
spark.TAccess.stop()	false	false	true	0	0	0	1	null	null
spark.webserver.ResponseWrapper.header(String,String)	false	false	false	0	0	0	0	null	null
spark.webserver.RequestWrapper.attribute(String)	false	false	false	0	0	0	0	null	null
spark.RequestTest.MockedHttpServletRequest.getReader()	false	false	false	0	0	0	0	null	null
spark.resource.ExternalResource.getURL()	false	false	false	0	0	0	0	null	null
spark.Spark.addFilter(String,Filter)	false	false	true	0	0	0	2	null	null
spark.Spark.options(Route)	false	false	true	0	0	0	0	null	null
spark.RouteImpl.getAcceptType()	false	false	false	0	0	1	1	null	null
spark.examples.books.Book.setAuthor(String)	false	false	false	0	0	0	2	null	null
spark.webserver.RequestWrapper.uri()	false	false	false	0	0	0	0	null	null
spark.FilterImpl.getPath()	false	false	false	0	0	1	1	null	null
spark.CookiesIntegrationTest.testCreateCookie()	false	false	false	0	0	0	0	null	null
spark.webserver.SparkServerImpl.ignite(String,int,String,String,String,String,String)	false	false	true	0	0	0	0	null	null
spark.Spark.trace(String,Route)	false	false	false	0	0	0	0	null	null
spark.route.RouteMatch.getHttpMethod()	false	false	false	0	0	0	1	null	null
spark.QueryParamsMap.hasValue()	false	false	false	0	0	8	8	null	null
spark.Request.url()	false	false	false	0	0	1	1	null	null
spark.QueryParamsMapTest.testDifferentTypesForValue()	false	false	false	0	0	0	0	null	null
spark.RequestTest.MockedHttpServletRequest.getLocalAddr()	false	false	false	0	0	0	0	null	null
spark.AbstractRoute.halt(int,String)	false	false	true	0	0	0	14	null	null
spark.RequestTest.MockedHttpServletRequest.getHeaderNames()	false	false	false	0	0	0	0	null	null
spark.utils.ResourceUtils.isFileURL(URL)	false	false	false	0	0	4	4	null	null
spark.route.RouteMatch.getMatchUri()	false	false	false	0	0	1	2	null	null
spark.SparkBase.wrap(String,Filter)	false	false	false	0	0	4	4	null	null
spark.JettyLogger.warn(String,Throwable)	false	false	false	0	0	0	0	null	null
spark.Request.attribute(String,Object)	false	false	false	0	0	1	3	null	null
spark.route.SimpleRouteMatcher.clearRoutes()	false	false	false	0	0	1	1	null	null
spark.examples.simple.SimpleExample.main(String[])	false	false	false	0	0	0	0	null	null
spark.AbstractRoot.halt(String)	false	false	true	0	0	0	0	null	null
spark.Request.queryParams(String)	false	false	false	0	0	2	28	null	null
spark.utils.StringUtils.isEmpty(Object)	false	false	false	0	0	1	1	null	null
spark.QueryParamsMap.value(String[])	false	false	false	0	0	2	2	null	null
spark.Spark.head(String,String,Route,ResponseTransformer)	false	false	false	0	0	0	0	null	null
spark.Request.contextPath()	false	false	false	0	0	2	2	null	null
spark.GenericIntegrationTest.testEchoParamWithUpperCaseInValue()	false	false	false	0	0	0	0	null	null
spark.Spark.addRoute(String,Route)	false	false	true	0	0	0	9	null	null
spark.HaltException.getBody()	false	false	false	0	0	2	2	null	null
spark.webserver.ResponseWrapper.getDelegate()	false	false	false	0	0	1	1	null	null
spark.QueryParamsMap.doubleValue()	false	false	false	0	0	1	1	null	null
spark.Spark.trace(String,TemplateViewRoute,TemplateEngine)	false	false	false	0	0	0	0	null	null
spark.resource.AbstractResource.getURI()	false	false	false	0	0	0	0	null	null
spark.resource.ClassPathResource.getDescription()	false	false	false	0	0	2	2	null	null
spark.webserver.RequestWrapper.params()	false	false	false	0	0	0	0	null	null
spark.resource.AbstractResource.hashCode()	false	false	false	0	0	0	0	null	null
spark.webserver.RequestWrapper.toString()	false	false	false	0	0	0	0	null	null
spark.QueryParamsMapTest.itShouldbeNullSafe()	false	false	false	0	0	0	0	null	null
spark.Response.cookie(String,String,int)	true	false	false	1	1	1	2	[4486ee6eb5cdc1f2e3fbffb0597ffcbcd5b920ce]	public
spark.utils.StringUtils.collectionToDelimitedString(Collection,String)	false	false	false	0	0	1	1	null	null
spark.route.RouteEntry.toString()	false	false	false	0	0	0	0	null	null
spark.Spark.head(Route)	false	false	true	0	0	0	0	null	null
spark.resource.AbstractResource.getFile()	false	false	false	0	0	2	2	null	null
spark.webserver.RequestWrapper.port()	false	false	false	0	0	0	0	null	null
spark.Spark.get(String,Route)	false	false	false	0	0	0	0	null	null
spark.webserver.SparkServerImpl.ignite(String)	false	false	true	0	0	0	0	null	null
spark.webserver.RequestWrapper.session()	false	false	false	0	0	0	0	null	null
spark.RequestTest.queryParamShouldReturnsParametersFromQueryString()	false	false	false	0	0	0	0	null	null
spark.utils.StringUtils.hasLength(String)	false	false	false	0	0	5	5	null	null
spark.BooksIntegrationTest.tearDown()	false	false	false	0	0	0	0	null	null
spark.webserver.ResponseWrapper.body()	false	false	false	0	0	0	0	null	null
spark.RequestTest.MockedHttpServletRequest.getRemoteAddr()	false	false	false	0	0	0	0	null	null
spark.BooksIntegrationTest.testCreateBook()	true	false	true	1	0	0	1	[aaf637936212009b17b83cd552281323cc8ca316]	public
spark.BooksIntegrationTest.setup()	false	false	false	0	0	0	0	null	null
spark.servlet.ServletTest.tearDown()	false	false	false	0	0	0	0	null	null
spark.GenericIntegrationTest.template_view_should_be_rendered_with_given_model_view_object()	false	false	false	0	0	0	0	null	null
spark.SparkBase.hasMultipleHandlers()	false	false	false	0	0	2	2	null	null
spark.Response.body()	false	false	false	0	0	2	2	null	null
spark.SparkUtils.getParamName(String)	false	false	true	0	0	0	2	null	null
spark.Request.session(boolean)	false	false	false	0	0	1	1	null	null
spark.webserver.RequestWrapper.contentType()	false	false	false	0	0	0	0	null	null
spark.Request.userAgent()	false	false	false	0	0	1	1	null	null
spark.RequestTest.MockedHttpServletRequest.getServerName()	false	false	false	0	0	0	0	null	null
spark.route.RouteMatch.getRequestURI()	false	false	false	0	0	1	2	null	null
spark.utils.StringUtils.delimitedListToStringArray(String,String)	false	false	false	0	0	1	1	null	null
spark.Spark.post(Route)	false	false	true	0	0	0	11	null	null
spark.utils.StringUtils.delimitedListToStringArray(String,String,String)	false	false	false	0	0	1	1	null	null
spark.webserver.SparkServerImpl.stop()	false	false	true	0	0	0	0	null	null
spark.JettyLogger.setDebugEnabled(boolean)	false	false	false	0	0	0	0	null	null
spark.webserver.ResponseWrapper.status(int)	false	false	false	0	0	0	0	null	null
spark.BooksIntegrationTest.createBookViaPOST()	false	false	false	0	0	6	6	null	null
spark.Response.raw()	false	false	false	0	0	1	1	null	null
spark.examples.books.Book.setTitle(String)	false	false	false	0	0	0	2	null	null
spark.RequestTest.MockedHttpServletRequest.getDateHeader(String)	false	false	false	0	0	0	0	null	null
spark.RouteTest.newRest(WebContext)	false	false	true	0	0	0	0	null	null
spark.TAccess.clearRoutes()	false	false	true	0	0	0	1	null	null
spark.webserver.ResponseWrapper.cookie(String,String,int)	false	false	false	0	0	0	0	null	null
spark.Spark.put(String,String,Route)	false	false	false	0	0	0	0	null	null
spark.RequestTest.MockedHttpServletRequest.getServletPath()	false	false	false	0	0	0	0	null	null
spark.RequestTest.MockedHttpServletRequest.getLocalName()	false	false	false	0	0	0	0	null	null
spark.Request.port()	false	false	false	0	0	1	1	null	null
spark.RouteMatch.getRequestUri()	false	false	true	0	0	0	2	null	null
spark.QueryParamsMap.toMap()	false	false	false	0	0	1	1	null	null
spark.examples.templateview.FreeMarkerTemplateEngine.createFreemarkerConfiguration()	false	false	false	0	0	1	1	null	null
spark.utils.ClassUtils.registerCommonClasses(Class[])	false	false	false	0	0	0	0	null	null
spark.QueryParamsMap.getValues()	false	false	false	0	0	3	3	null	null
spark.utils.ClassUtils.classPackageAsResourcePath(Class)	false	false	false	0	0	1	1	null	null
spark.RouteTest.hiResource()	false	false	true	0	0	0	0	null	null
spark.Node.setMethod(Method)	false	false	true	0	0	0	2	null	null
spark.exception.ExceptionHandlerImpl.exceptionClass()	false	false	false	0	0	0	0	null	null
spark.Spark.hasMultipleHandlers()	false	false	true	0	0	0	2	null	null
spark.GenericSecureIntegrationTest.testEchoParam1()	false	false	false	0	0	0	0	null	null
spark.GenericIntegrationTest.tearDown()	false	false	false	0	0	0	0	null	null
spark.util.SparkTestUtil.getTrustStoreLocation()	false	false	false	0	0	1	1	null	null
spark.Request.queryParams()	false	false	false	0	0	1	1	null	null
spark.Request.uri()	false	false	false	0	0	1	1	null	null
spark.resource.AbstractFileResolvingResource.customizeConnection(URLConnection)	false	false	false	0	0	3	3	null	null
spark.webserver.RequestWrapper.attributes()	false	false	false	0	0	0	0	null	null
spark.Spark.get(String,String,Route,ResponseTransformer)	false	false	false	0	0	0	0	null	null
spark.GenericIntegrationTest.routes_should_be_accept_type_aware()	false	false	false	0	0	0	0	null	null
spark.GenericIntegrationTest.testExceptionMapper()	false	false	false	0	0	0	0	null	null
spark.GenericSecureIntegrationTest.testEchoParamWithMaj()	false	false	false	0	0	0	0	null	null
spark.RequestTest.MockedHttpServletRequest.getDispatcherType()	false	false	false	0	0	0	0	null	null
spark.webserver.RequestWrapper.raw()	false	false	false	0	0	0	0	null	null
spark.Spark.put(String,Route,ResponseTransformer)	false	false	false	0	0	0	0	null	null
spark.RequestTest.shouldBeAbleToGetTheContextPath()	false	false	false	0	0	0	0	null	null
spark.Spark.staticFileRoute(String)	true	false	true	1	2	0	2	[ab957c3d05093597508da2b0bc6fbd2f7d2282ce]	public
spark.SparkBase.wrap(String,Route)	false	false	false	0	0	9	9	null	null
spark.WebContext.getParam(String)	false	false	true	0	0	0	4	null	null
spark.Spark.options(String,TemplateViewRoute,TemplateEngine)	false	false	false	0	0	0	0	null	null
spark.Spark.put(String,String,TemplateViewRoute,TemplateEngine)	false	false	false	0	0	0	0	null	null
spark.utils.MimeParse.fitnessAndQualityParsed(String,Collection)	false	false	false	0	0	1	1	null	null
spark.Session.invalidate()	false	false	false	0	0	0	0	null	null
spark.route.SimpleRouteMatcher.findTargetsForRequestedRoute(HttpMethod,String)	false	false	false	0	0	2	2	null	null
spark.GenericIntegrationTest.filters_should_be_accept_type_aware()	false	false	false	0	0	0	0	null	null
spark.CookiesIntegrationTest.initRoutes()	false	false	false	0	0	0	0	null	null
spark.resource.AbstractResource.equals(Object)	false	false	false	0	0	0	0	null	null
spark.Session.lastAccessedTime()	false	false	false	0	0	0	0	null	null
spark.AbstractRoute.halt(String)	false	false	true	0	0	0	0	null	null
spark.resource.ClassPathResource.exists()	false	false	false	0	0	2	2	null	null
spark.webserver.SparkServerImpl.ignite()	false	false	true	0	0	0	0	null	null
spark.util.SparkTestUtil.doMethodSecure(String,String,String)	false	false	false	0	0	11	11	null	null
spark.RequestTest.MockedHttpServletRequest.getLocale()	false	false	false	0	0	0	0	null	null
spark.JettyLogger.getLogger(String)	false	false	false	0	0	0	0	null	null
testutil.MyTestUtil.getPort()	false	false	true	0	0	0	0	null	null
spark.RouteTest.zml()	false	false	true	0	0	0	0	null	null
spark.Request.initQueryMap()	false	false	false	0	0	1	1	null	null
testutil.MyTestUtil.doMethod(String,String,String)	false	false	true	0	0	0	19	null	null
spark.GenericIntegrationTest.testHiHead()	false	false	false	0	0	0	0	null	null
spark.FilterImpl.getAcceptType()	false	false	false	0	0	1	1	null	null
spark.exception.ExceptionMapper.map(Class,ExceptionHandlerImpl)	false	false	false	0	0	1	1	null	null
spark.webserver.MatcherFilter.destroy()	false	false	false	0	0	0	0	null	null
spark.util.SparkTestUtil.doMethod(String,String,String,boolean,String,Map)	false	false	false	0	0	2	2	null	null
spark.util.SparkTestUtil.getSslFactory()	false	false	false	0	0	1	1	null	null
spark.servlet.SparkFilter.configureExternalStaticResources(String)	false	false	false	0	0	1	1	null	null
spark.RequestTest.MockedHttpServletRequest.getServerPort()	false	false	false	0	0	0	0	null	null
spark.servlet.ServletTest.testStaticResource()	false	false	false	0	0	0	0	null	null
spark.RouteMatcher.parseValidateAddRoute(String,Method)	false	false	true	0	0	0	1	null	null
spark.RequestTest.MockedHttpServletRequest.isRequestedSessionIdFromUrl()	false	false	false	0	0	0	0	null	null
spark.route.SimpleRouteMatcher.parseValidateAddRoute(String,String,Object)	false	false	false	0	0	2	2	null	null
spark.util.SparkTestUtil.getHttpRequest(String,String,String,boolean)	false	false	true	0	0	0	1	null	null
spark.Request.attribute(String)	false	false	false	0	0	1	3	null	null
spark.Spark.post(String,String,Route)	false	false	false	0	0	0	0	null	null
spark.examples.filter.FilterExampleAttributes.asXml(String,Object)	false	false	false	0	0	0	2	null	null
spark.RequestTest.MockedHttpServletRequest.getRequestedSessionId()	false	false	false	0	0	0	0	null	null
spark.Spark.externalStaticFileRoute(String)	false	false	true	0	0	0	1	null	null
spark.Spark.post(String,String,Route,ResponseTransformer)	false	false	false	0	0	0	0	null	null
spark.Request.host()	false	false	false	0	0	1	2	null	null
spark.QueryParamsMap.parseKey(String)	false	false	false	0	0	4	4	null	null
spark.BooksIntegrationTest.clearBooks()	false	false	false	0	0	0	0	null	null
spark.RequestTest.MockedHttpServletRequest.getLocales()	false	false	false	0	0	0	0	null	null
spark.GenericIntegrationTest.testEchoParam2()	false	false	false	0	0	0	0	null	null
spark.QueryParamsMap.floatValue()	false	false	false	0	0	1	1	null	null
spark.utils.StringUtils.getFilename(String)	false	false	false	0	0	1	1	null	null
spark.GenericSecureIntegrationTest.tearDown()	false	false	false	0	0	0	0	null	null
spark.Spark.head(String,String,Route)	false	false	false	0	0	0	0	null	null
spark.Spark.post(String,TemplateViewRoute,TemplateEngine)	false	false	false	0	0	0	0	null	null
spark.webserver.ResponseWrapper.redirect(String)	false	false	false	0	0	0	0	null	null
spark.RouteTest.newRes(WebContext)	false	false	true	0	0	0	0	null	null
spark.resource.ExternalResource.getInputStream()	false	false	false	0	0	0	0	null	null
spark.SparkBase.setSecure(String,String,String,String)	false	false	false	0	0	0	0	null	null
spark.webserver.RequestWrapper.bodyAsBytes()	false	false	false	0	0	0	0	null	null
spark.servlet.FilterConfigWrapper.getFilterName()	false	false	false	0	0	0	0	null	null
spark.util.SparkTestUtil.getHttpRequest(String,String,String,boolean,String)	false	false	true	0	0	0	1	null	null
spark.webserver.SparkServerImpl.setStaticFileLocationIfPresent(String,List)	false	false	true	0	0	0	1	null	null
spark.QueryParamsMapTest.testToMap()	false	false	false	0	0	0	0	null	null
spark.JettyLogger.getName()	false	false	false	0	0	0	0	null	null
spark.examples.transformer.JsonTransformer.render(Object)	false	false	false	0	0	0	0	null	null
spark.Node.appendChild(Node)	false	false	true	0	0	0	1	null	null
spark.RequestTest.MockedHttpServletRequest.isAsyncSupported()	false	false	false	0	0	0	0	null	null
spark.TemplateEngine.modelAndView(Object,String)	false	false	false	0	0	0	0	null	null
spark.WebContext.returnType()	false	false	true	0	0	0	0	null	null
spark.QueryParamsMapTest.parseKeyShouldParseRootKey()	false	false	false	0	0	0	0	null	null
spark.RequestTest.MockedHttpServletRequest.startAsync(ServletRequest,ServletResponse)	false	false	false	0	0	0	0	null	null
spark.RequestTest.MockedHttpServletRequest.getUserPrincipal()	false	false	false	0	0	0	0	null	null
spark.util.SparkTestUtil.doMethod(String,String,String,String)	false	false	false	0	0	2	2	null	null
spark.Spark.externalStaticFileLocation(String)	false	false	true	0	0	0	1	null	null
spark.resource.AbstractResource.getFilename()	false	false	false	0	0	0	0	null	null
spark.resource.ExternalResource.getPath()	false	false	false	0	0	1	1	null	null
spark.resource.ClassPathResourceHandler.getResource(String)	false	false	false	0	0	0	0	null	null
spark.Node.createNode(String,Method)	true	false	true	1	1	0	1	[e08012e0d8a930990dfe5399ee891bbffff4f435]	public
spark.servlet.ServletTest.testGetHiAfterFilter()	false	false	false	0	0	0	0	null	null
spark.Spark.connect(String,String,TemplateViewRoute,TemplateEngine)	false	false	false	0	0	0	0	null	null
spark.examples.filter.DummyFilter.main(String[])	false	false	false	0	0	0	0	null	null
spark.Request.splat()	false	false	false	0	0	1	3	null	null
spark.Spark.trace(String,String,Route,ResponseTransformer)	false	false	false	0	0	0	0	null	null
spark.GenericSecureIntegrationTest.testEchoParam2()	false	false	false	0	0	0	0	null	null
spark.Response.header(String,String)	false	false	false	0	0	1	13	null	null
spark.Access.getBody(Response)	false	false	false	0	0	3	3	null	null
spark.DispatcherFilter.parseAndAddRoute(String,Method)	false	false	true	0	0	0	1	null	null
spark.Node.findBestMatch(String)	false	false	true	0	0	0	1	null	null
spark.route.RouteMatch.getAcceptType()	false	false	false	0	0	0	0	null	null
spark.GenericIntegrationTest.testStaticFile()	false	false	false	0	0	0	0	null	null
spark.RequestTest.MockedHttpServletRequest.isAsyncStarted()	false	false	false	0	0	0	0	null	null
spark.Node.getTarget()	false	false	true	0	0	0	1	null	null
spark.SparkBase.wrap(String,String,Route)	false	false	false	0	0	10	10	null	null
spark.examples.transformer.MyMessage.setMessage(String)	false	false	false	0	0	0	0	null	null
spark.GenericIntegrationTest.testNotFound()	false	false	false	0	0	0	0	null	null
spark.utils.CollectionUtils.isEmpty(Collection)	false	false	false	0	0	1	1	null	null
spark.utils.ClassUtils.getDefaultClassLoader()	false	false	false	0	0	4	4	null	null
spark.Spark.patch(String,String,TemplateViewRoute,TemplateEngine)	false	false	false	0	0	0	0	null	null
spark.webserver.JettyHandler.doHandle(String,Request,HttpServletRequest,HttpServletResponse)	false	false	false	0	0	0	0	null	null
spark.Session.removeAttribute(String)	false	false	false	0	0	0	2	null	null
spark.DispatcherFilter.init(FilterConfig)	false	false	true	0	0	0	1	null	null
spark.utils.Assert.notNull(Object,String)	false	false	false	0	0	7	7	null	null
spark.resource.AbstractResource.exists()	false	false	false	0	0	0	0	null	null
spark.Spark.put(String,TemplateViewRoute,TemplateEngine)	false	false	false	0	0	0	0	null	null
spark.CookiesIntegrationTest.testEmptyCookies()	false	false	false	0	0	0	0	null	null
spark.RouteTest.params(WebContext)	false	false	true	0	0	0	0	null	null
spark.RequestTest.MockedHttpServletRequest.getRemoteHost()	false	false	false	0	0	0	0	null	null
spark.servlet.ServletTest.setup()	false	false	false	0	0	0	0	null	null
spark.Request.getSplat(List,List)	false	false	false	0	0	1	1	null	null
spark.servlet.ServletTest.testEchoParam1()	false	false	false	0	0	0	0	null	null
spark.route.SimpleRouteMatcher.addRoute(HttpMethod,String,String,Object)	false	false	false	0	0	1	1	null	null
spark.GenericSecureIntegrationTest.testUnauthorized()	false	false	false	0	0	0	0	null	null
spark.utils.ResourceUtils.toURI(String)	false	false	false	0	0	1	1	null	null
spark.BooksIntegrationTest.testGetUpdatedBook()	false	false	true	0	0	0	0	null	null
spark.QueryParamsMap.loadKeys(String,String[])	false	false	false	0	0	7	7	null	null
spark.Node.hasChildren()	false	false	true	0	0	0	1	null	null
spark.util.SparkTestUtil.doMethod(String,String,String)	true	false	false	1	19	32	32	[ff3f451ef3fa253891feae1f9b4e2ae0118212f7]	public
spark.servlet.FilterTools.getRelativePath(HttpServletRequest,String)	false	false	false	0	0	1	1	null	null
spark.AbstractRoute.halt(int)	false	false	true	0	0	0	6	null	null
spark.GenericIntegrationTest.testEchoParam1()	false	false	false	0	0	0	0	null	null
spark.GenericIntegrationTest.testTwoRoutesWithDifferentCaseButSameName()	false	false	false	0	0	0	0	null	null
spark.route.RouteMatch.getTarget()	false	false	false	0	0	3	3	null	null
spark.Spark.connect(Route)	false	false	true	0	0	0	0	null	null
spark.GenericSecureIntegrationTest.testHiHead()	false	false	false	0	0	0	0	null	null
spark.BooksIntegrationTest.canDeleteBook()	false	false	false	0	0	0	0	null	null
spark.examples.templateview.FreeMarkerExample.main(String[])	false	false	false	0	0	0	0	null	null
spark.Route.getPath()	false	false	true	0	0	0	1	null	null
spark.resource.AbstractResource.createRelative(String)	false	false	false	0	0	0	0	null	null
spark.Response.cookie(String,String)	false	false	false	0	0	1	3	null	null
spark.RequestTest.MockedHttpServletRequest.getAttributeNames()	false	false	false	0	0	0	0	null	null
spark.resource.ExternalResource.isDirectory()	false	false	false	0	0	1	1	null	null
spark.ResponseTransformerRouteImpl.create(String,String,Route,ResponseTransformer)	false	false	false	0	0	10	10	null	null
spark.Spark.patch(String,Route)	false	false	false	0	0	0	0	null	null
spark.GenericIntegrationTest.testGetHi()	false	false	false	0	0	0	0	null	null
spark.RouteImpl.getPath()	false	false	false	0	0	1	1	null	null
spark.RequestTest.MockedHttpServletRequest.getRequestURL()	false	false	false	0	0	0	0	null	null
spark.SparkUtils.isNotBlank(String)	false	false	true	0	0	0	0	null	null
spark.route.SimpleRouteMatcher.RouteEntry.toString()	false	false	true	0	0	0	0	null	null
spark.GenericIntegrationTest.setup()	false	false	false	0	0	0	0	null	null
spark.Request.params()	false	false	false	0	0	1	1	null	null
spark.utils.StringUtils.deleteAny(String,String)	false	false	false	0	0	3	3	null	null
spark.JettyLogger.info(Throwable)	false	false	false	0	0	0	0	null	null
spark.examples.transformer.TransformerExample.main(String[])	false	false	false	0	0	0	0	null	null
spark.utils.MimeParse.toFloat(String,float)	false	false	false	0	0	2	2	null	null
spark.webserver.JettyHandler.handle(String,Request,HttpServletRequest,HttpServletResponse)	false	false	true	0	0	0	0	null	null
spark.resource.ExternalResource.exists()	false	false	false	0	0	2	2	null	null
spark.Response.type(String)	false	false	false	0	0	1	5	null	null
spark.LambdaTest.main(String[])	false	false	false	0	0	0	0	null	null
spark.Spark.head(String,Route)	false	false	false	0	0	0	0	null	null
spark.Spark.trace(String,Route,ResponseTransformer)	false	false	false	0	0	0	0	null	null
spark.Node.getParamName()	false	false	true	0	0	0	1	null	null
spark.QueryParamsMap.get(String[])	false	false	false	0	0	20	20	null	null
spark.Request.attributes()	false	false	false	0	0	1	3	null	null
spark.RequestTest.MockedHttpServletRequest.getScheme()	false	false	false	0	0	0	0	null	null
spark.CookiesIntegrationTest.stopServer()	false	false	false	0	0	0	0	null	null
spark.Node.setValue(String)	false	false	true	0	0	0	2	null	null
spark.servlet.SparkFilter.destroy()	false	false	false	0	0	0	0	null	null
spark.resource.AbstractFileResolvingResource.customizeConnection(HttpURLConnection)	false	false	false	0	0	1	1	null	null
spark.Request.queryString()	false	false	false	0	0	1	1	null	null
spark.webserver.SparkServer.createSocketConnector()	false	false	false	0	0	1	1	null	null
spark.GenericIntegrationTest.testExternalStaticFile()	false	false	false	0	0	0	0	null	null
spark.GenericSecureIntegrationTest.testGetRoot()	false	false	false	0	0	0	0	null	null
spark.webserver.ResponseWrapper.cookie(String,String,int,boolean)	false	false	false	0	0	0	0	null	null
spark.QueryParamsMapTest.parseKeyShouldParseSubkeys()	false	false	false	0	0	0	0	null	null
spark.webserver.SparkServer.ignite(String,int,String,String,String,String,String,String)	false	false	false	0	0	2	2	null	null
spark.resource.AbstractFileResolvingResource.getFile()	false	false	false	0	0	7	7	null	null
spark.webserver.RequestWrapper.queryString()	false	false	false	0	0	0	0	null	null
spark.RouteMatcher.addRoute(HttpMethod,String,Method)	false	false	true	0	0	0	1	null	null
spark.Spark.put(String,Route)	false	false	false	0	0	0	0	null	null
spark.GenericIntegrationTest.registerEchoRoute(String)	false	false	false	0	0	2	2	null	null
spark.RequestResponseFactory.create(HttpServletResponse)	false	false	false	0	0	3	3	null	null
spark.exception.ExceptionMapper.getHandler(Exception)	false	false	false	0	0	1	1	null	null
spark.Spark.connect(String,Route)	false	false	false	0	0	0	0	null	null
spark.Spark.options(String,Route)	false	false	false	0	0	0	0	null	null
spark.JettyLogger.warn(Throwable)	false	false	false	0	0	0	0	null	null
spark.webserver.ResponseWrapper.setDelegate(Response)	false	false	false	0	0	3	3	null	null
spark.Spark.head(String,String,TemplateViewRoute,TemplateEngine)	false	false	false	0	0	0	0	null	null
spark.Spark.after(String,Filter)	false	false	false	0	0	0	0	null	null
spark.GenericIntegrationTest.testUnauthorized()	false	false	false	0	0	0	0	null	null
spark.ModelAndView.getModel()	false	false	false	0	0	1	1	null	null
spark.servlet.ServletTest.testGetHi()	false	false	false	0	0	0	0	null	null
spark.examples.hello.HelloWorld.main(String[])	false	false	false	0	0	0	0	null	null
spark.utils.StringUtils.replace(String,String,String)	false	false	false	0	0	2	2	null	null
spark.resource.AbstractResource.toString()	false	false	false	0	0	0	0	null	null
spark.route.SimpleRouteMatcher.findTargetForRequestedRoute(HttpMethod,String,String)	false	false	false	0	0	2	2	null	null
spark.SparkBase.secure(String,String,String,String)	false	false	false	0	0	0	0	null	null
spark.Spark.exception(Class,ExceptionHandler)	false	false	false	0	0	0	0	null	null
spark.servlet.SparkFilter.configureStaticResources(String)	false	false	false	0	0	1	1	null	null
spark.RequestTest.MockedHttpServletRequest.getLocalPort()	false	false	false	0	0	0	0	null	null
spark.utils.SparkUtils.isSplat(String)	false	false	false	0	0	1	1	null	null
spark.Spark.delete(Route)	false	false	true	0	0	0	1	null	null
spark.RequestTest.MockedHttpServletRequest.getAttribute(String)	false	false	false	0	0	0	0	null	null
spark.resource.ClassPathResource.getFilename()	false	false	false	0	0	0	0	null	null
spark.webserver.RequestWrapper.body()	false	false	false	0	0	0	0	null	null
spark.Spark.before(String,Filter)	false	false	false	0	0	0	0	null	null
spark.servlet.ServletTest.testStaticWelcomeResource()	false	false	false	0	0	0	0	null	null
spark.SparkBase.wrap(String,String,Filter)	false	false	false	0	0	3	3	null	null
spark.Spark.options(String,Route,ResponseTransformer)	false	false	false	0	0	0	0	null	null
spark.Request.headers()	false	false	false	0	0	1	1	null	null
spark.Spark.halt(int,String)	false	false	false	0	0	0	0	null	null
spark.Spark.options(String,String,Route)	false	false	false	0	0	0	0	null	null
spark.GenericIntegrationTest.assertEchoRoute(String)	false	false	false	0	0	2	2	null	null
spark.Node.encodePathPart()	false	false	true	0	0	0	2	null	null
spark.RequestTest.MockedHttpServletRequest.getIntHeader(String)	false	false	false	0	0	0	0	null	null
spark.webserver.RequestWrapper.attribute(String,Object)	false	false	false	0	0	0	0	null	null
spark.DispatcherFilter.destroy()	false	false	true	0	0	0	0	null	null
spark.examples.templateview.FreeMarkerTemplateEngine.render(ModelAndView)	false	false	false	0	0	0	0	null	null
spark.GenericIntegrationTest.testEchoParamWithMaj()	false	false	false	0	0	0	0	null	null
spark.resource.ClassPathResource.getURL()	false	false	false	0	0	0	0	null	null
spark.JettyLogger.debug(String,Object,Object)	false	false	true	0	0	0	0	null	null
spark.RouteMatcher.addBranch(Node,String,Method)	false	false	true	0	0	0	1	null	null
spark.Request.params(String)	false	false	false	0	0	1	29	null	null
spark.HaltException.getStatusCode()	false	false	false	0	0	1	1	null	null
spark.Spark.connect(String,TemplateViewRoute,TemplateEngine)	false	false	false	0	0	0	0	null	null
spark.GenericIntegrationTest.testGetRoot()	false	false	false	0	0	0	0	null	null
spark.RouteMatch.getTarget()	false	false	true	0	0	0	1	null	null
spark.WebContext.redirect(String)	false	false	true	0	0	0	1	null	null
spark.resource.AbstractResourceHandler.addPaths(String,String)	false	false	false	0	0	4	4	null	null
spark.servlet.ServletTest.testEchoParam2()	false	false	false	0	0	0	0	null	null
spark.DispatcherFilter.doFilter(ServletRequest,ServletResponse,FilterChain)	false	false	true	0	0	0	1	null	null
spark.webserver.SparkServerFactory.create()	false	false	true	0	0	0	2	null	null
spark.webserver.SparkServerFactory.create(boolean)	false	false	false	0	0	2	2	null	null
spark.utils.ResourceUtils.extractJarFileURL(URL)	false	false	false	0	0	1	1	null	null
testutil.MyTestUtil.sleep(long)	false	false	true	0	0	0	1	null	null
spark.Spark.options(String,String,TemplateViewRoute,TemplateEngine)	false	false	false	0	0	0	0	null	null
spark.route.SimpleRouteMatcher.getAcceptedMimeTypes(List)	false	false	false	0	0	1	1	null	null
spark.Spark.post(String,String,TemplateViewRoute,TemplateEngine)	false	false	false	0	0	0	0	null	null
spark.JettyLogger.debug(String,Throwable)	false	false	false	0	0	0	0	null	null
spark.resource.ExternalResource.getDescription()	false	false	false	0	0	0	0	null	null
spark.resource.AbstractResource.isReadable()	false	false	false	0	0	0	0	null	null
spark.webserver.SparkServerImpl.setStaticFileRouteIfPresent(String,List)	false	false	true	0	0	0	1	null	null
spark.Spark.trace(Route)	false	false	true	0	0	0	0	null	null
spark.Node.isParam()	false	false	true	0	0	0	2	null	null
spark.Spark.trace(String,String,TemplateViewRoute,TemplateEngine)	false	false	false	0	0	0	0	null	null
spark.Node.searchRec(List,int,int,SearchContext)	false	false	true	0	0	0	2	null	null
spark.route.SimpleRouteMatcher.RouteEntry.matches(HttpMethod,String)	false	false	true	0	0	0	2	null	null
spark.Spark.delete(String,TemplateViewRoute,TemplateEngine)	false	false	false	0	0	0	0	null	null
spark.QueryParamsMap.loadQueryString(Map)	false	false	false	0	0	2	2	null	null
spark.servlet.FilterConfigWrapper.getInitParameter(String)	false	false	false	0	0	0	0	null	null
spark.RequestTest.MockedHttpServletRequest.getParameter(String)	false	false	false	0	0	0	0	null	null
spark.CookiesIntegrationTest.testRemoveCookie()	false	false	false	0	0	0	0	null	null
spark.Session.creationTime()	false	false	false	0	0	0	0	null	null
spark.TemplateViewRouteImpl.modelAndView(Object,String)	false	false	false	0	0	0	0	null	null
spark.Access.runFromServlet()	false	false	false	0	0	1	1	null	null
spark.webserver.RequestWrapper.url()	false	false	false	0	0	0	0	null	null
spark.Spark.runFromServlet()	false	false	true	0	0	0	1	null	null
spark.route.SimpleRouteMatcher.routeWithGivenAcceptType(String)	false	false	false	0	0	2	2	null	null
spark.BooksIntegrationTest.canGetUpdatedBook()	false	false	false	0	0	0	0	null	null
spark.resource.AbstractResourceHandler.getResource(HttpServletRequest)	false	false	false	0	0	1	1	null	null
spark.QueryParamsMap.getQueryMap()	false	false	false	0	0	24	24	null	null
spark.util.SparkTestUtil.getPort()	false	false	false	0	0	0	0	null	null
spark.utils.ResourceUtils.toURI(URL)	false	false	false	0	0	2	2	null	null
spark.JettyLogger.isDebugEnabled()	false	false	false	0	0	0	0	null	null
spark.utils.MimeParse.ParseResults.toString()	false	false	false	0	0	0	0	null	null
spark.webserver.SparkServer.stop()	false	false	false	0	0	1	1	null	null
spark.webserver.RequestWrapper.queryParams(String)	false	false	false	0	0	0	0	null	null
spark.SparkBase.externalStaticFileLocation(String)	false	false	false	0	0	0	0	null	null
spark.WebContext.setParams(RouteMatch)	false	false	true	0	0	0	1	null	null
spark.utils.ResourceUtils.isJarURL(URL)	false	false	false	0	0	2	2	null	null
spark.SparkBase.ipAddress(String)	false	false	false	0	0	0	0	null	null
spark.SparkBase.staticFileLocation(String)	false	false	false	0	0	0	0	null	null
spark.Spark.post(String,Route)	false	false	false	0	0	0	0	null	null
spark.servlet.FilterConfigWrapper.getInitParameterNames()	false	false	false	0	0	0	0	null	null
spark.Spark.post(String,Route,ResponseTransformer)	false	false	false	0	0	0	0	null	null
spark.webserver.RequestWrapper.headers(String)	false	false	false	0	0	0	0	null	null
spark.SparkBase.init()	false	false	false	0	0	2	2	null	null
spark.Spark.clearRoutes()	false	false	true	0	0	0	4	null	null
spark.RequestTest.MockedHttpServletRequest.getPathInfo()	false	false	false	0	0	0	0	null	null
spark.webserver.ResponseWrapper.body(String)	false	false	false	0	0	0	0	null	null
spark.examples.books.Book.getTitle()	false	false	false	0	0	0	2	null	null
spark.servlet.SparkFilter.init(FilterConfig)	true	false	false	1	0	0	0	[e519169f24e9a073c34c1bcd96aabe68ad898978]	public
spark.util.SparkTestUtil.doMethod(String,String,String,boolean,String)	true	false	false	1	4	4	4	[90019e15afbb6780b59d90308265c8d64f2ffccd]	private
spark.QueryParamsMapTest.constructorWithParametersMap()	false	false	false	0	0	0	0	null	null
spark.Spark.setIpAddress(String)	true	false	true	1	0	0	0	[ab957c3d05093597508da2b0bc6fbd2f7d2282ce]	public
spark.GenericSecureIntegrationTest.testPatch()	false	false	false	0	0	0	0	null	null
spark.SparkBase.port(int)	false	false	false	0	0	0	0	null	null
spark.utils.MimeParse.parseMediaRange(String)	false	false	false	0	0	2	2	null	null
spark.Spark.options(String,String,Route,ResponseTransformer)	false	false	false	0	0	0	0	null	null
spark.route.RouteEntry.matches(HttpMethod,String)	false	false	false	0	0	1	1	null	null
spark.webserver.SparkServer.setExternalStaticFileLocationIfPresent(String,List)	false	false	false	0	0	1	1	null	null
spark.JettyLogger.info(String,Object,Object)	false	false	true	0	0	0	0	null	null
spark.BooksIntegrationTest.afterFilterIsSet(UrlResponse)	false	false	false	0	0	1	1	null	null
spark.utils.Assert.notEmpty(Object[],String)	false	false	false	0	0	0	0	null	null
spark.Request.protocol()	false	false	false	0	0	1	1	null	null
spark.webserver.RequestWrapper.getDelegate()	false	false	false	0	0	0	0	null	null
spark.Spark.patch(Route)	false	false	true	0	0	0	2	null	null
spark.RequestTest.MockedHttpServletRequest.setCharacterEncoding(String)	false	false	false	0	0	0	0	null	null
spark.SparkUtils.convertToList(String)	false	false	true	0	0	0	3	null	null
spark.SparkUtils.isParam(String)	false	false	true	0	0	0	1	null	null
spark.utils.ResourceUtils.getFile(String)	false	false	false	0	0	0	0	null	null
spark.GenericSecureIntegrationTest.testNotFound()	false	false	false	0	0	0	0	null	null
spark.webserver.ResponseWrapper.hashCode()	false	false	false	0	0	0	0	null	null
spark.servlet.ServletTest.testHiHead()	false	false	false	0	0	0	0	null	null
spark.GenericSecureIntegrationTest.setup()	false	false	false	0	0	0	0	null	null
spark.webserver.SparkServer.createSecureSocketConnector(String,String,String,String)	false	false	false	0	0	1	1	null	null
spark.RequestTest.MockedHttpServletRequest.getRealPath(String)	false	false	false	0	0	0	0	null	null
spark.Spark.delete(String,String,Route)	false	false	false	0	0	0	0	null	null
spark.utils.StringUtils.hasLength(CharSequence)	false	false	false	0	0	1	1	null	null
spark.RouteImpl.render(Object)	false	false	false	0	0	1	1	null	null
spark.Response.redirect(String,int)	false	false	false	0	0	1	1	null	null
spark.Spark.patch(String,String,Route)	false	false	false	0	0	0	0	null	null
spark.utils.Assert.hasLength(String,String)	false	false	false	0	0	0	0	null	null
spark.Request.readBody()	false	false	false	0	0	2	2	null	null
spark.webserver.ResponseWrapper.type(String)	false	false	false	0	0	0	0	null	null
spark.Response.cookie(String,String,String,int,boolean)	false	false	false	0	0	2	2	null	null
spark.SparkUtils.convertRouteToList(String)	false	false	true	0	0	0	3	null	null
spark.ResponseTransformerRouteImpl.create(String,Route,ResponseTransformer)	false	false	false	0	0	9	9	null	null
spark.SparkBase.stop()	false	false	false	0	0	5	5	null	null
spark.webserver.RequestWrapper.queryMap()	false	false	false	0	0	0	0	null	null
spark.Spark.before(String,String,Filter)	false	false	false	0	0	0	0	null	null
spark.AbstractRoot.halt(int,String)	false	false	true	0	0	0	14	null	null
spark.Session.id()	false	false	false	0	0	0	0	null	null
spark.Spark.get(String,Route,ResponseTransformer)	false	false	false	0	0	0	0	null	null
spark.QueryParamsMap.cleanKey(String)	false	false	false	0	0	1	1	null	null
spark.RequestTest.MockedHttpServletRequest.getSession(boolean)	false	false	false	0	0	0	0	null	null
spark.SparkBase.addFilter(String,FilterImpl)	false	false	false	0	0	6	6	null	null
spark.resource.AbstractFileResolvingResource.getFileForLastModifiedCheck()	false	false	false	0	0	0	0	null	null
spark.Response.redirectPermanent(String)	false	false	true	0	0	0	0	null	null
spark.utils.SparkUtils.convertRouteToList(String)	false	false	false	0	0	4	4	null	null
spark.Spark.staticFileLocation(String)	false	false	true	0	0	0	2	null	null
spark.examples.filter.FilterExampleWildcard.main(String[])	false	false	false	0	0	0	0	null	null
spark.RequestTest.MockedHttpServletRequest.getParts()	false	false	false	0	0	0	0	null	null
spark.servlet.SparkFilter.getApplication(FilterConfig)	false	false	false	0	0	1	1	null	null
spark.Session.maxInactiveInterval()	false	false	false	0	0	0	0	null	null
spark.RequestTest.shouldBeAbleToGetTheServletPath()	false	false	false	0	0	0	0	null	null
spark.JettyLogger.info(String,Throwable)	false	false	false	0	0	0	0	null	null
spark.exception.ExceptionHandlerImpl.exceptionClass(Class)	false	false	false	0	0	0	0	null	null
spark.utils.SparkUtils.isParam(String)	false	false	false	0	0	1	1	null	null
spark.Spark.init()	false	false	true	0	0	0	2	null	null
spark.Spark.throwBeforeRouteMappingException()	false	false	true	0	0	0	5	null	null
spark.webserver.RequestWrapper.session(boolean)	false	false	false	0	0	0	0	null	null
spark.RequestTest.MockedHttpServletRequest.getCookies()	false	false	false	0	0	0	0	null	null
spark.RequestTest.MockedHttpServletRequest.authenticate(HttpServletResponse)	false	false	false	0	0	0	0	null	null
spark.webserver.ResponseWrapper.redirect(String,int)	false	false	false	0	0	0	0	null	null
spark.webserver.SparkServerImpl.createSecureSocketConnector(String,String,String,String)	false	false	true	0	0	0	1	null	null
spark.examples.books.Books.main(String[])	false	false	false	0	0	0	1	null	null
spark.BooksIntegrationTest.canListBooks()	false	false	false	0	0	0	0	null	null
spark.Request.cookies()	false	false	false	0	0	1	3	null	null
spark.webserver.MatcherFilter.init(FilterConfig)	false	false	false	0	0	1	1	null	null
spark.RouteMatcher.findTargetForRoute(HttpMethod,String)	false	false	true	0	0	0	1	null	null
spark.CookiesIntegrationTest.httpPost(String)	false	false	false	0	0	6	6	null	null
spark.RequestTest.MockedHttpServletRequest.getProtocol()	false	false	false	0	0	0	0	null	null
spark.Request.pathInfo()	false	false	false	0	0	1	2	null	null
spark.SparkBase.throwBeforeRouteMappingException()	false	false	false	0	0	8	8	null	null
spark.Spark.before(Filter)	false	false	false	0	0	0	7	null	null
spark.SparkBase.setPort(int)	false	false	false	0	0	0	0	null	null
spark.webserver.RequestWrapper.contextPath()	false	false	false	0	0	0	0	null	null
spark.Spark.stop()	false	false	true	0	0	0	4	null	null
spark.webserver.RequestWrapper.splat()	false	false	false	0	0	0	0	null	null
spark.webserver.RequestWrapper.servletPath()	false	false	false	0	0	0	0	null	null
spark.BooksIntegrationTest.testUpdateBook()	true	false	true	1	0	0	0	[3a5008818a9551be0832cff1de4461483f84176f]	public
spark.Request.body()	true	false	false	1	1	1	15	[96bfb8f81a877b94897705079f48746bc5f1ee11]	public
spark.GenericIntegrationTest.testPatch()	false	false	false	0	0	0	0	null	null
spark.webserver.RequestWrapper.equals(Object)	false	false	false	0	0	0	0	null	null
spark.webserver.ResponseWrapper.equals(Object)	false	false	false	0	0	0	0	null	null
spark.RequestTest.MockedHttpServletRequest.getContentLength()	false	false	false	0	0	0	0	null	null
spark.servlet.ServletTest.testPost()	false	false	false	0	0	0	0	null	null
spark.resource.ClassPathResource.hashCode()	false	false	false	0	0	0	0	null	null
spark.Session.attribute(String)	false	false	false	0	0	0	2	null	null
spark.TemplateViewRouteImpl.render(Object)	false	false	false	0	0	0	0	null	null
spark.JettyLogger.debug(String,Object[])	false	false	false	0	0	0	0	null	null
spark.Start.main(String[])	false	false	true	0	0	0	0	null	null
spark.RequestResponseFactory.create(RouteMatch,HttpServletRequest)	false	false	false	0	0	3	3	null	null
spark.RequestTest.MockedHttpServletRequest.isRequestedSessionIdValid()	false	false	false	0	0	0	0	null	null
spark.BooksIntegrationTest.testBookNotFound()	false	false	true	0	0	0	0	null	null
spark.AbstractRoot.halt(int)	false	false	true	0	0	0	6	null	null
spark.RequestTest.MockedHttpServletRequest.getServletContext()	false	false	false	0	0	0	0	null	null
spark.webserver.SparkServerImpl.setExternalStaticFileRouteIfPresent(String,List)	false	false	true	0	0	0	1	null	null
spark.RequestTest.MockedHttpServletRequest.getParameterValues(String)	false	false	false	0	0	0	0	null	null
spark.examples.staticresources.StaticResources.main(String[])	false	false	false	0	0	0	0	null	null
spark.RequestTest.MockedHttpServletRequest.isUserInRole(String)	false	false	false	0	0	0	0	null	null
spark.utils.ResourceUtils.getURL(String)	false	false	false	0	0	0	0	null	null
spark.Spark.after(Filter)	false	false	false	0	0	0	7	null	null
spark.webserver.ResponseWrapper.isRedirected()	false	false	false	0	0	1	1	null	null
spark.WebContext.setContentType(String)	false	false	true	0	0	0	0	null	null
spark.webserver.ResponseWrapper.cookie(String,String)	false	false	false	0	0	0	0	null	null
spark.webserver.RequestWrapper.params(String)	false	false	false	0	0	0	0	null	null
spark.webserver.RequestWrapper.userAgent()	false	false	false	0	0	0	0	null	null
spark.Session.isNew()	false	false	false	0	0	0	0	null	null
spark.JettyLogger.warn(String,Object,Object)	false	false	true	0	0	0	0	null	null
spark.BooksIntegrationTest.getResponse(String,String,UrlResponse)	false	false	false	0	0	2	2	null	null
spark.examples.transformer.MyMessage.getMessage()	false	false	false	0	0	0	0	null	null
spark.utils.ResourceUtils.isUrl(String)	false	false	false	0	0	0	0	null	null
spark.utils.ResourceUtils.getFile(URI)	false	false	false	0	0	0	0	null	null
spark.servlet.SparkFilter.doFilter(ServletRequest,ServletResponse,FilterChain)	false	false	false	0	0	0	0	null	null
spark.TemplateViewRouteImpl.create(String,String,TemplateViewRoute,TemplateEngine)	false	false	false	0	0	10	10	null	null
spark.resource.AbstractResource.contentLength()	false	false	false	0	0	0	0	null	null
spark.examples.hello.HelloSecureWorld.main(String[])	false	false	false	0	0	0	0	null	null
spark.webserver.RequestWrapper.queryParams()	false	false	false	0	0	0	0	null	null
spark.RequestTest.MockedHttpServletRequest.getMethod()	false	false	false	0	0	0	0	null	null
spark.Spark.get(String,String,TemplateViewRoute,TemplateEngine)	false	false	false	0	0	0	0	null	null
spark.Spark.trace(String,String,Route)	false	false	false	0	0	0	0	null	null
spark.RequestTest.MockedHttpServletRequest.getQueryString()	false	false	false	0	0	0	0	null	null
spark.utils.ClassUtils.resolvePrimitiveClassName(String)	false	false	false	0	0	1	1	null	null
spark.Node.getPath()	false	false	true	0	0	0	1	null	null
spark.SparkBase.setIpAddress(String)	false	false	false	0	0	0	0	null	null
spark.resource.ClassPathResource.getPath()	false	false	false	0	0	1	1	null	null
spark.util.SparkTestUtil.getKeyStoreLocation()	false	false	false	0	0	1	2	null	null
spark.Spark.modelAndView(Object,String)	false	false	false	0	0	0	0	null	null
spark.AbstractRoot.halt()	false	false	true	0	0	0	0	null	null
spark.utils.StringUtils.applyRelativePath(String,String)	false	false	false	0	0	1	1	null	null
spark.JettyLogger.info(String,Object[])	false	false	false	0	0	0	0	null	null
spark.resource.ClassPathResource.createRelative(String)	false	false	false	0	0	0	0	null	null
spark.resource.AbstractResource.lastModified()	false	false	false	0	0	0	0	null	null
spark.Request.contentLength()	false	false	false	0	0	1	1	null	null
spark.BooksIntegrationTest.testDeleteBook()	false	false	true	0	0	0	1	null	null
spark.resource.AbstractFileResolvingResource.exists()	false	false	false	0	0	0	0	null	null
spark.resource.AbstractResource.getFileForLastModifiedCheck()	false	false	false	0	0	1	1	null	null
spark.SparkBase.addRoute(String,RouteImpl)	false	false	false	0	0	54	54	null	null
spark.resource.AbstractFileResolvingResource.lastModified()	false	false	false	0	0	0	0	null	null
spark.Spark.put(Route)	false	false	true	0	0	0	1	null	null
spark.Spark.head(String,Route,ResponseTransformer)	false	false	false	0	0	0	0	null	null
spark.GenericIntegrationTest.testParamAndWild()	false	false	false	0	0	0	0	null	null
spark.GenericSecureIntegrationTest.testGetHiAfterFilter()	false	false	false	0	0	0	0	null	null
spark.Request.getParams(RouteMatch)	false	false	true	0	0	0	1	null	null
spark.QueryParamsMapTest.testConstructor()	false	false	false	0	0	0	0	null	null
spark.webserver.RequestWrapper.requestMethod()	false	false	false	0	0	0	0	null	null
spark.RequestTest.MockedHttpServletRequest.getRequestDispatcher(String)	false	false	false	0	0	0	0	null	null
spark.servlet.ServletTest.testNotFound()	false	false	false	0	0	0	0	null	null
spark.Spark.connect(String,Route,ResponseTransformer)	false	false	false	0	0	0	0	null	null
spark.RequestTest.MockedHttpServletRequest.getParameterMap()	false	false	false	0	0	0	0	null	null
spark.utils.ResourceUtils.useCachesIfNecessary(URLConnection)	false	false	false	0	0	1	1	null	null
spark.Response.body(String)	false	false	false	0	0	1	3	null	null
spark.webserver.ResponseWrapper.toString()	false	false	false	0	0	0	0	null	null
spark.Spark.connect(String,String,Route)	false	false	false	0	0	0	0	null	null
spark.webserver.SparkServerImpl.ignite(String,int,String,String,String,String,String,String)	true	false	true	2	0	0	0	[5ab3f234c8eeafc74b7aa8650f5f97117f7e54a6]	public
spark.exception.ExceptionMapper.getInstance()	false	false	false	0	0	2	2	null	null
spark.Context.handle(String,HttpServletRequest,HttpServletResponse,int)	false	false	true	0	0	0	0	null	null
spark.GenericIntegrationTest.testGetHiAfterFilter()	false	false	false	0	0	0	0	null	null
spark.Spark.delete(String,Route)	false	false	false	0	0	0	0	null	null
spark.Request.queryMap(String)	false	false	false	0	0	2	2	null	null
spark.Node.getParent()	false	false	true	0	0	0	2	null	null
spark.Request.cookie(String)	false	false	false	0	0	1	5	null	null
spark.Spark.get(String,TemplateViewRoute,TemplateEngine)	false	false	false	0	0	0	0	null	null
spark.ModelAndView.getViewName()	false	false	false	0	0	1	1	null	null
spark.route.SimpleRouteMatcher.findTargetsForRequestedRoute(HttpMethod,String,String)	false	false	false	0	0	2	2	null	null
spark.webserver.RequestWrapper.cookies()	false	false	false	0	0	0	0	null	null
spark.BooksIntegrationTest.testGetBook()	true	false	true	2	0	0	0	[da1d9d7700cfb6ebcf9e807a089d2478de23232a]	public
spark.route.SimpleRouteMatcher.RouteEntry.matchPath(String)	false	false	true	0	0	0	1	null	null
spark.RequestTest.MockedHttpServletRequest.getInputStream()	false	false	false	0	0	0	0	null	null
spark.RequestTest.MockedHttpServletRequest.isSecure()	false	false	false	0	0	0	0	null	null
spark.webserver.RequestWrapper.queryMap(String)	false	false	false	0	0	0	0	null	null
spark.BooksIntegrationTest.beforeFilterIsSet(UrlResponse)	false	false	false	0	0	1	1	null	null
spark.RouteMatcher.getRootNode(HttpMethod)	false	false	true	0	0	0	2	null	null
spark.Spark.get(String,String,Route)	false	false	false	0	0	0	0	null	null
spark.BooksIntegrationTest.testListBooks()	false	false	true	0	0	0	0	null	null
spark.BooksIntegrationTest.doMethod(String,String,String)	true	false	false	1	7	6	7	[8b901b146a139c8e59983d81c1d4574ac7bc9ca5]	private
spark.JettyLogger.ignore(Throwable)	false	false	false	0	0	0	0	null	null
spark.utils.StringUtils.collectionToDelimitedString(Collection,String,String,String)	false	false	false	0	0	1	1	null	null
spark.utils.ResourceUtils.getFile(URL)	false	false	false	0	0	1	1	null	null
spark.utils.StringUtils.cleanPath(String)	false	false	false	0	0	3	3	null	null
spark.RequestTest.MockedHttpServletRequest.getContextPath()	false	false	false	0	0	0	0	null	null
spark.util.SparkTestUtil.getHttpRequest(String,String,String,boolean,String,Map)	false	false	false	0	0	1	1	null	null
spark.QueryParamsMap.hasKeys()	false	false	false	0	0	1	1	null	null
spark.Request.getParams(List,List)	false	false	false	0	0	1	1	null	null
spark.resource.ClassPathResource.equals(Object)	false	false	false	0	0	0	0	null	null
spark.BooksIntegrationTest.wontFindBook()	false	false	false	0	0	0	0	null	null
spark.resource.ClassPathResource.getInputStream()	false	false	false	0	0	0	0	null	null
spark.SparkUtils.hasWebContext(Method)	false	false	true	0	0	0	1	null	null
spark.SparkUtils.isStatic(Method)	true	true	true	1	2	0	2	[9597ec885ae4f962fce78363932ee2fb1e83d3ee]	public
spark.resource.AbstractResource.getURL()	false	false	false	0	0	7	7	null	null
spark.webserver.SparkServerImpl.ignite(String,int)	true	false	true	1	2	0	2	[58f93c954a070eab0d716fb45fe20232eab2008e, ff3f451ef3fa253891feae1f9b4e2ae0118212f7]	public
spark.RequestTest.MockedHttpServletRequest.getRemotePort()	false	false	false	0	0	0	0	null	null
spark.QueryParamsMap.booleanValue()	false	false	false	0	0	1	1	null	null
spark.webserver.RequestWrapper.contentLength()	false	false	false	0	0	0	0	null	null
spark.Session.attributes()	false	false	false	0	0	0	0	null	null
spark.utils.Assert.notNull(Object)	false	false	false	0	0	2	2	null	null
spark.RequestTest.MockedHttpServletRequest.getSession()	false	false	false	0	0	0	0	null	null
spark.BooksIntegrationTest.canUpdateBook()	false	false	false	0	0	0	0	null	null
spark.BooksIntegrationTest.canGetBook()	false	false	false	0	0	0	0	null	null
spark.RequestTest.MockedHttpServletRequest.getPathTranslated()	false	false	false	0	0	0	0	null	null
spark.webserver.RequestWrapper.host()	false	false	false	0	0	0	0	null	null
spark.Session.raw()	false	false	false	0	0	0	0	null	null
spark.QueryParamsMap.integerValue()	false	false	false	0	0	1	1	null	null
spark.examples.filter.FilterExample.main(String[])	false	false	false	0	0	0	0	null	null
spark.route.SimpleRouteMatcher.findTargetForRequestedRoute(HttpMethod,String)	false	false	true	0	0	0	0	null	null
spark.RouteTest.html()	false	false	true	0	0	0	0	null	null
spark.RequestTest.queryParamShouldBeParsedAsHashMap()	false	false	false	0	0	0	0	null	null
spark.Node.getValue()	false	false	true	0	0	0	2	null	null
spark.utils.Assert.isTrue(boolean,String)	false	false	false	0	0	0	0	null	null
spark.Session.maxInactiveInterval(int)	false	false	false	0	0	0	0	null	null
spark.GenericSecureIntegrationTest.testPost()	false	false	false	0	0	0	0	null	null
spark.Spark.halt()	false	false	false	0	0	0	0	null	null
spark.Spark.after(String,String,Filter)	false	false	false	0	0	0	0	null	null
spark.route.RouteMatch.getRequestUri()	false	false	true	0	0	0	2	null	null
spark.utils.IOUtils.copyLarge(Reader,Writer)	false	false	false	0	0	1	1	null	null
spark.Spark.get(Route)	false	false	true	0	0	0	36	null	null
spark.Filter.getPath()	false	false	true	0	0	0	1	null	null
spark.util.SparkTestUtil.getTrustStorePassword()	false	false	false	0	0	1	1	null	null
spark.servlet.ServletTest.testUnauthorized()	false	false	false	0	0	0	0	null	null
spark.utils.IOUtils.toString(InputStream)	false	false	false	0	0	2	3	null	null
spark.Spark.halt(String)	false	false	false	0	0	0	0	null	null
spark.examples.accept.JsonAcceptTypeExample.main(String[])	false	false	false	0	0	0	0	null	null
spark.GenericIntegrationTest.testInheritanceExceptionMapper()	false	false	false	0	0	0	0	null	null
spark.RequestTest.MockedHttpServletRequest.getHeaders(String)	false	false	false	0	0	0	0	null	null
spark.webserver.SparkServer.setStaticFileLocationIfPresent(String,List)	false	false	false	0	0	1	1	null	null
spark.webserver.RequestWrapper.protocol()	false	false	false	0	0	0	0	null	null
spark.Spark.head(String,TemplateViewRoute,TemplateEngine)	false	false	false	0	0	0	0	null	null
spark.utils.MimeParse.parseMimeType(String)	false	false	false	0	0	1	1	null	null
spark.RequestTest.MockedHttpServletRequest.getRemoteUser()	false	false	false	0	0	0	0	null	null
spark.examples.filter.FilterExampleAttributes.main(String[])	false	false	false	0	0	0	0	null	null
spark.webserver.ResponseWrapper.removeCookie(String)	false	false	false	0	0	0	0	null	null
spark.Spark.delete(String,String,Route,ResponseTransformer)	false	false	false	0	0	0	0	null	null
spark.Request.setParams(RouteMatch)	false	false	true	0	0	0	1	null	null
spark.resource.ExternalResourceHandler.getResource(String)	false	false	false	0	0	0	0	null	null
spark.webserver.ResponseWrapper.raw()	false	false	false	0	0	0	0	null	null
spark.utils.MimeParse.isBlank(String)	false	false	false	0	0	1	1	null	null
spark.Spark.delete(String,Route,ResponseTransformer)	false	false	false	0	0	0	0	null	null
spark.Request.contentType()	false	false	false	0	0	1	1	null	null
spark.RequestTest.MockedHttpServletRequest.getContentType()	false	false	false	0	0	0	0	null	null
spark.JettyHandler.handle(String,HttpServletRequest,HttpServletResponse,int)	false	false	true	0	0	0	0	null	null
spark.QueryParamsMap.values()	false	false	false	0	0	0	0	null	null
spark.servlet.FilterTools.getFilterPath(FilterConfig)	false	false	false	0	0	1	1	null	null
spark.Request.session()	false	false	false	0	0	1	7	null	null
spark.Request.requestMethod()	false	false	false	0	0	1	1	null	null
spark.utils.MimeParse.FitnessAndQuality.compareTo(FitnessAndQuality)	false	false	false	0	0	0	0	null	null
spark.examples.simple.SimpleSecureExample.main(String[])	false	false	false	0	0	0	0	null	null
spark.servlet.ServletTest.testGetRoot()	false	false	false	0	0	0	0	null	null
spark.resource.AbstractResource.isOpen()	false	false	false	0	0	0	0	null	null
spark.Request.queryMap()	false	false	false	0	0	2	2	null	null
spark.resource.AbstractFileResolvingResource.isReadable()	false	false	false	0	0	1	1	null	null
spark.servlet.MyApp.init()	false	false	false	0	0	0	0	null	null
spark.utils.ClassUtils.forName(String,ClassLoader)	false	false	false	0	0	3	3	null	null
spark.route.RouteEntry.matchPath(String)	false	false	false	0	0	1	1	null	null
spark.Request.ip()	false	false	false	0	0	1	1	null	null
spark.utils.ResourceUtils.getFile(URL,String)	false	false	false	0	0	4	4	null	null
spark.GenericIntegrationTest.testNotFoundExceptionMapper()	false	false	false	0	0	0	0	null	null
spark.Node.setParent(Node)	false	false	true	0	0	0	1	null	null
spark.utils.MimeParse.bestMatch(Collection,String)	false	false	false	0	0	2	2	null	null
spark.Response.removeCookie(String)	false	false	false	0	0	1	3	null	null
spark.webserver.ResponseWrapper.cookie(String,String,String,int,boolean)	false	false	false	0	0	0	0	null	null
spark.Spark.patch(String,Route,ResponseTransformer)	false	false	false	0	0	0	0	null	null
spark.QueryParamsMapTest.keyToMap()	false	false	false	0	0	0	0	null	null
spark.resource.AbstractFileResolvingResource.contentLength()	false	false	false	0	0	0	0	null	null
spark.util.SparkTestUtil.addHeaders(Map,HttpRequest)	false	false	false	0	0	8	8	null	null
spark.webserver.SparkServerImpl.ignite(String,int,String,String,String,String)	false	false	true	0	0	0	1	null	null
spark.GenericSecureIntegrationTest.testGetHi()	false	false	false	0	0	0	0	null	null
spark.Node.getChildren()	false	false	true	0	0	0	1	null	null
spark.RequestTest.MockedHttpServletRequest.getCharacterEncoding()	false	false	false	0	0	0	0	null	null
spark.route.RouteMatcherFactory.get()	false	false	false	0	0	4	4	null	null
spark.util.SparkTestUtil.sleep(long)	false	false	false	0	0	1	1	null	null
spark.TemplateViewRouteImpl.create(String,TemplateViewRoute,TemplateEngine)	false	false	false	0	0	9	9	null	null
spark.utils.StringUtils.toStringArray(Collection)	false	false	false	0	0	1	1	null	null
spark.Spark.delete(String,String,TemplateViewRoute,TemplateEngine)	false	false	false	0	0	0	0	null	null
spark.utils.StringUtils.isNotEmpty(String)	false	false	false	0	0	0	0	null	null
spark.Node.createNode(String,Method,boolean)	false	false	true	0	0	0	9	null	null
spark.utils.IOUtils.copy(Reader,Writer)	false	false	false	0	0	1	1	null	null
spark.examples.session.SessionExample.main(String[])	false	false	false	0	0	0	0	null	null
spark.RequestTest.MockedHttpServletRequest.getAsyncContext()	false	false	false	0	0	0	0	null	null
